,model,horizon_minutes,method,coverage,width,calibration_error,interval_score
0,Conformalized ExtraTrees,15,native_interval,0.9235773357518369,7.307771454852125,0.023577335751836882,12.733708696561026
1,Conformalized ExtraTrees,60,native_interval,0.907919025350726,9.803200785334559,0.007919025350725981,21.048128887717233
2,IA-GTPF,15,adaptive_conformal_pre_clip,0.9342761398223015,13.750182958728576,0.0342761398223014,15.002762835477373
3,IA-GTPF,15,dedicated_conformal_post_clip,0.9101177483321548,13.552150206846193,0.010117748332154761,15.098339295963331
4,IA-GTPF,15,dedicated_conformal_pre_clip,0.9116856765148953,13.62825489045512,0.01168567651489522,15.132603873134903
5,IA-GTPF,15,raw_quantiles_pre_clip,0.9116856765148953,13.62825489045512,0.01168567651489522,15.132603873134903
6,IA-GTPF,60,adaptive_conformal_pre_clip,0.9417856263844449,14.836237938221965,0.04178562638444492,17.61631925310575
7,IA-GTPF,60,dedicated_conformal_post_clip,0.9252399704651735,14.652471619334765,0.025239970465173477,17.690330186375807
8,IA-GTPF,60,dedicated_conformal_pre_clip,0.9252399704651735,14.653551520303273,0.025239970465173477,17.691410087344316
9,IA-GTPF,60,raw_quantiles_pre_clip,0.9252399704651735,14.653551520303273,0.025239970465173477,17.691410087344316
10,QuantileForest,15,native_interval,0.9162049989239709,5.517427102377622,0.01620499892397082,6.924047209891003
11,QuantileForest,60,native_interval,0.9253630322421855,7.708190421133551,0.0253630322421855,9.591079094259467
12,QuantileHGB,15,native_interval,0.9069388508008732,13.714536735893171,0.006938850800873,15.228220275200831
13,QuantileHGB,60,native_interval,0.9051809008122076,14.645944821288715,0.0051809008122076,17.69931453534958
