,model,horizon_minutes,origin,MAE,RMSE,R2
0,Conformalized ExtraTrees,15,1,1.5820979747925386,4.259578747842341,0.9829104018635422
1,Conformalized ExtraTrees,15,2,1.2910479452599881,3.376198855434729,0.9798168058522562
2,Conformalized ExtraTrees,15,3,1.154137978802931,3.259902291872727,0.9721243469728493
3,Conformalized ExtraTrees,15,4,1.2210771908729758,3.2088255361045945,0.9874057854234648
4,Conformalized ExtraTrees,15,5,1.2287472724474107,3.309455553540237,0.9893615977483208
5,Conformalized ExtraTrees,60,1,2.4385486160004555,6.5486332486802565,0.9593715666403625
6,Conformalized ExtraTrees,60,2,1.7865768714922574,4.7369241903908685,0.9602879643088092
7,Conformalized ExtraTrees,60,3,1.6201639290751326,4.5346532876721755,0.9460320470548769
8,Conformalized ExtraTrees,60,4,1.6502672703267112,4.479976965309117,0.9754709069377012
9,Conformalized ExtraTrees,60,5,1.8674610746989107,5.621591495000416,0.9693338162395466
10,ExtraTrees,15,1,1.5820979747925386,4.259578747842341,0.9829104018635422
11,ExtraTrees,15,2,1.2910479452599881,3.376198855434729,0.9798168058522562
12,ExtraTrees,15,3,1.154137978802931,3.259902291872727,0.9721243469728493
13,ExtraTrees,15,4,1.2210771908729758,3.2088255361045945,0.9874057854234648
14,ExtraTrees,15,5,1.2287472724474107,3.309455553540237,0.9893615977483208
15,ExtraTrees,60,1,2.4385486160004555,6.5486332486802565,0.9593715666403625
16,ExtraTrees,60,2,1.7865768714922574,4.7369241903908685,0.9602879643088092
17,ExtraTrees,60,3,1.6201639290751326,4.5346532876721755,0.9460320470548769
18,ExtraTrees,60,4,1.6502672703267112,4.479976965309117,0.9754709069377012
19,ExtraTrees,60,5,1.8674610746989107,5.621591495000416,0.9693338162395466
20,HGB,15,1,1.668080193617792,4.494277294389888,0.9809754095573432
21,HGB,15,2,1.3156818700560335,3.366245644111172,0.9799358156726976
22,HGB,15,3,1.1561373238394408,3.107576416979713,0.9746689335242564
23,HGB,15,4,1.2058851926074057,3.141159804138967,0.9879315727452892
24,HGB,15,5,1.274760543047915,3.48157102296344,0.9882263853802276
25,HGB,60,1,2.5270842342227233,6.797606917464617,0.9562245077869824
26,HGB,60,2,1.7550662169500657,4.568874813471507,0.963058674208478
27,HGB,60,3,1.5811974912463522,4.292993271067313,0.951631646502298
28,HGB,60,4,1.6464537593021653,4.463696631563238,0.9756501914423772
29,HGB,60,5,1.9099702223166048,5.682168243971059,0.9686705594111598
30,IA-GTPF,15,1,1.5347100614221711,4.208474336931409,0.9833180733724968
31,IA-GTPF,15,2,1.2590371708254888,3.2904441847125474,0.9808291010136658
32,IA-GTPF,15,3,1.102984025657462,3.1741996812956206,0.9735710053370337
33,IA-GTPF,15,4,1.1780062689968882,3.135800233085616,0.987972688451211
34,IA-GTPF,15,5,1.2324252530395967,3.3709782315249868,0.9889623798756167
35,IA-GTPF,60,1,2.2085888214894602,6.340139069429891,0.9619179483346914
36,IA-GTPF,60,2,1.6471888019404475,4.370939504401511,0.9661897844069884
37,IA-GTPF,60,3,1.49209618697877,4.301812222969549,0.9514315044667649
38,IA-GTPF,60,4,1.6295197774035644,4.530640642383346,0.9749140041608891
39,IA-GTPF,60,5,1.8203015455924838,5.628351150712033,0.9692605482319891
40,Persistence,15,1,1.6030057924862708,4.320078819277553,0.9824216167879944
41,Persistence,15,2,1.4259788535610023,3.7034292097387898,0.9757150062897612
42,Persistence,15,3,1.1896477720146394,3.347180987565851,0.9706121217010458
43,Persistence,15,4,1.3001565313959251,3.418048584073236,0.9857101695067072
44,Persistence,15,5,1.328464831474473,3.580406438992029,0.9875484345141432
45,Persistence,60,1,2.4494057240023133,6.970343460496534,0.953971449332138
46,Persistence,60,2,1.842664197140764,5.0130371378768634,0.9555270636845972
47,Persistence,60,3,1.6484135604471517,4.632266160988795,0.943684505928444
48,Persistence,60,4,2.023033891669421,5.667240596129399,0.9607491098298518
49,Persistence,60,5,2.1634969312139836,6.677039840568445,0.956739413985179
50,QuantileForest,15,1,1.6163198821835851,4.428042669160044,0.981531222574062
51,QuantileForest,15,2,1.260731567930128,3.36360247414108,0.9799672794503698
52,QuantileForest,15,3,1.0966055987870063,3.0798716314215846,0.9751176850144146
53,QuantileForest,15,4,1.1750100033392832,3.204961072371668,0.987436285903982
54,QuantileForest,15,5,1.2038626201713938,3.3681767769899826,0.9889806441593537
55,QuantileForest,60,1,2.4155308653110406,6.897694139289625,0.9549245845999114
56,QuantileForest,60,2,1.6668214832919035,4.506522151274697,0.9640600020517104
57,QuantileForest,60,3,1.5416981742243814,4.411159776083265,0.9489318669404095
58,QuantileForest,60,4,1.629396262438752,4.592357326674252,0.9742239849576475
59,QuantileForest,60,5,1.834440017218893,5.9372893447030055,0.9657936637816065
60,QuantileHGB,15,1,1.562882868296266,4.318315115824039,0.982435966862548
61,QuantileHGB,15,2,1.2672476678905165,3.3149532035045652,0.9805426046205228
62,QuantileHGB,15,3,1.122132084707611,3.278286281027162,0.9718094471350432
63,QuantileHGB,15,4,1.2271362945426898,3.2922599393464376,0.986742585064926
64,QuantileHGB,15,5,1.281414457839108,3.55690023012637,0.9877113927244248
65,QuantileHGB,60,1,2.2274336115275855,6.489119197392501,0.9601075740995284
66,QuantileHGB,60,2,1.6001792181848573,4.343431214419963,0.9666143484075478
67,QuantileHGB,60,3,1.5092165582079615,4.487041430192438,0.9471602143245988
68,QuantileHGB,60,4,1.7335471691135549,4.919767531932914,0.9704201904388088
69,QuantileHGB,60,5,1.9219165031534249,6.28804371078288,0.9616332009890528
70,RandomForest,15,1,1.6854334588754063,4.51925269798804,0.9807606432018078
71,RandomForest,15,2,1.2915519968385536,3.366190423122469,0.9799361831279148
72,RandomForest,15,3,1.1468577514031373,3.136274444102587,0.9741983704281111
73,RandomForest,15,4,1.219857745463446,3.215801809464339,0.9873509063857391
74,RandomForest,15,5,1.240353391962977,3.359426963863446,0.9890378194150748
75,RandomForest,60,1,2.589651038652165,7.040061188766353,0.95304571411907
76,RandomForest,60,2,1.7399538010667754,4.611605101661844,0.9623642448154337
77,RandomForest,60,3,1.6270047349798893,4.50825835958215,0.9466548280403846
78,RandomForest,60,4,1.6346298765141198,4.4855160779833865,0.9754095550281369
79,RandomForest,60,5,1.8533234877461902,5.6569388654390105,0.9689479081756709
80,Seasonal Persistence,15,1,4.509675608803157,14.165441538037102,0.8110026046610942
81,Seasonal Persistence,15,2,2.98787427737024,8.818597016979098,0.8623015998823341
82,Seasonal Persistence,15,3,2.8392161934653797,8.984053534895036,0.7882835988742816
83,Seasonal Persistence,15,4,3.3625026207159947,11.71032570838916,0.8322708433019398
84,Seasonal Persistence,15,5,3.5751585940256243,12.122625030080894,0.8572577158373417
85,Seasonal Persistence,60,1,4.503343534953219,14.126177789362409,0.8109536575154062
86,Seasonal Persistence,60,2,3.000410461032628,8.83040071437171,0.8620077219348888
87,Seasonal Persistence,60,3,2.87858392433773,9.045279577753387,0.7852738792934091
88,Seasonal Persistence,60,4,3.371448398097013,11.722807771700287,0.8320540649471948
89,Seasonal Persistence,60,5,3.5768076871063963,12.119904049715274,0.8574645713052126
