,site,lag,correlation,n_pairs
0,industrial1,15 min,0.8999778461298503,8098
1,industrial1,60 min,0.8288907025176079,8094
2,industrial1,24 h,0.6172491690795547,8002
3,industrial2,15 min,0.9098406839924116,12854
4,industrial2,60 min,0.7394050910571435,12850
5,industrial2,24 h,0.5478286079977456,12758
6,industrial3,15 min,0.9720805112157649,13460
7,industrial3,60 min,0.8899495738243818,13447
8,industrial3,24 h,0.5255232323577063,13261
9,residential1,15 min,0.6486848148053034,13361
10,residential1,60 min,0.19262757562819013,13356
11,residential1,24 h,0.06609915225931057,13264
12,residential2,15 min,0.4734475553156673,13828
13,residential2,60 min,0.15889148501052458,13822
14,residential2,24 h,0.0882757566086285,13719
15,residential3,15 min,0.9096159816179209,13318
16,residential3,60 min,0.7720457193170208,13311
17,residential3,24 h,0.6623930844914174,13127
18,residential4,15 min,0.9606096396800717,3176
19,residential4,60 min,0.8677436826276558,2197
20,residential4,24 h,0.8217426374775104,2111
21,residential5,15 min,0.5327123628611992,13566
22,residential5,60 min,0.24789441559794875,13529
23,residential5,24 h,0.13743447677866819,13435
24,residential6,15 min,0.9363387856834476,13933
25,residential6,60 min,0.7918502729641483,13927
26,residential6,24 h,0.675456550296123,13835
