,building_type,hour,mean,count
0,industrial,0,38.81374759287181,1432
1,industrial,1,38.52505205896638,1432
2,industrial,2,38.74185485000677,1432
3,industrial,3,35.76436887818187,1432
4,industrial,4,33.65409432310118,1432
5,industrial,5,32.715855296720505,1432
6,industrial,6,32.20211091351171,1432
7,industrial,7,33.31946190168296,1432
8,industrial,8,38.66264437035935,1432
9,industrial,9,44.433278935723685,1432
10,industrial,10,50.081040677448044,1431
11,industrial,11,53.91194652548435,1433
12,industrial,12,57.181587987933675,1430
13,industrial,13,54.19127131664374,1433
14,industrial,14,59.9531255413658,1436
15,industrial,15,59.04864179119288,1434
16,industrial,16,55.41525772818417,1440
17,industrial,17,52.31102874724898,1442
18,industrial,18,50.660790559818125,1443
19,industrial,19,48.08055060264531,1444
20,industrial,20,48.295177938094895,1444
21,industrial,21,44.39409960311975,1428
22,industrial,22,41.76874695847777,1432
23,industrial,23,41.12169557998173,1432
24,residential,0,0.3285047811187726,3026
25,residential,1,0.2589091177649952,3031
26,residential,2,0.22514814813485143,2996
27,residential,3,0.19903270035087947,3013
28,residential,4,0.19124733409555247,3017
29,residential,5,0.18515848054015643,3027
30,residential,6,0.2280489545576985,3010
31,residential,7,0.2239437789316974,3005
32,residential,8,0.12305786360032178,3002
33,residential,9,-0.029320391669025118,2987
34,residential,10,-0.2166290133940895,2991
35,residential,11,-0.4598636421186872,2991
36,residential,12,-0.6328183932930252,3016
37,residential,13,-0.7721142531670216,3047
38,residential,14,-0.7968116968405237,3083
39,residential,15,-0.7336969741885652,3105
40,residential,16,-0.5757401448125834,3138
41,residential,17,-0.3577195810258252,3139
42,residential,18,-0.015999385507441448,3105
43,residential,19,0.25378418306037437,3091
44,residential,20,0.3931143216858534,3071
45,residential,21,0.48140875053378573,3061
46,residential,22,0.48319349888055463,3022
47,residential,23,0.4164447594108976,3021
