value,model,horizon_minutes,MAE
industrial1,ExtraTrees,15,3.3239116673646243
industrial1,ExtraTrees,60,4.831855264497166
industrial1,IA-GTPF,15,3.224519303594211
industrial1,IA-GTPF,60,4.140360623010608
industrial1,QuantileForest,15,3.1682846039357573
industrial1,QuantileForest,60,4.12407158754558
industrial1,STGCN,15,3.5487560007023333
industrial1,STGCN,60,4.551884937129712
industrial2,ExtraTrees,15,0.35427733252196486
industrial2,ExtraTrees,60,0.6075022920485258
industrial2,IA-GTPF,15,0.3918061027381583
industrial2,IA-GTPF,60,0.5628911494459675
industrial2,QuantileForest,15,0.3704058990811556
industrial2,QuantileForest,60,0.6972785396104886
industrial2,STGCN,15,0.46603799975552745
industrial2,STGCN,60,0.7427133543230248
industrial3,ExtraTrees,15,3.5515272505269317
industrial3,ExtraTrees,60,6.381137272142741
industrial3,IA-GTPF,15,3.4210697664599814
industrial3,IA-GTPF,60,5.487201356973175
industrial3,QuantileForest,15,3.362702143425243
industrial3,QuantileForest,60,6.145386568638753
industrial3,STGCN,15,5.534840317896378
industrial3,STGCN,60,8.312698241602481
residential1,ExtraTrees,15,0.15912107269752368
residential1,ExtraTrees,60,0.19046214984187845
residential1,IA-GTPF,15,0.15443696244036165
residential1,IA-GTPF,60,0.1779511037525215
residential1,QuantileForest,15,0.15704971877833626
residential1,QuantileForest,60,0.19229611219604553
residential1,STGCN,15,0.17614926734016412
residential1,STGCN,60,0.22247588790476264
residential2,ExtraTrees,15,0.18077298263839653
residential2,ExtraTrees,60,0.20025661383317467
residential2,IA-GTPF,15,0.1729031227762739
residential2,IA-GTPF,60,0.21601541610948738
residential2,QuantileForest,15,0.1730606983889548
residential2,QuantileForest,60,0.19367904052806395
residential2,STGCN,15,0.19313510375388737
residential2,STGCN,60,0.22326976630966328
residential3,ExtraTrees,15,0.1844558935909694
residential3,ExtraTrees,60,0.28944153682290724
residential3,IA-GTPF,15,0.19606219365945307
residential3,IA-GTPF,60,0.317537383672932
residential3,QuantileForest,15,0.18742081537115868
residential3,QuantileForest,60,0.31768272565725797
residential3,STGCN,15,0.2390422758525741
residential3,STGCN,60,0.44231252866692594
residential4,ExtraTrees,15,0.9676377470327615
residential4,ExtraTrees,60,1.188302046865934
residential4,IA-GTPF,15,1.0070585548704816
residential4,IA-GTPF,60,1.0291544327457454
residential4,QuantileForest,15,1.0783983645211452
residential4,QuantileForest,60,1.0974614186090135
residential4,STGCN,15,1.3416624813638687
residential4,STGCN,60,1.4555803449652989
residential5,ExtraTrees,15,0.12053365232423854
residential5,ExtraTrees,60,0.14792581211045525
residential5,IA-GTPF,15,0.1165696815597255
residential5,IA-GTPF,60,0.16304186652891078
residential5,QuantileForest,15,0.11601843392533058
residential5,QuantileForest,60,0.15707314646593956
residential5,STGCN,15,0.1411903755399005
residential5,STGCN,60,0.1849496762611352
residential6,ExtraTrees,15,0.14806946880543734
residential6,ExtraTrees,60,0.2324382083105788
residential6,IA-GTPF,15,0.16143609341180634
residential6,IA-GTPF,60,0.28389802181002805
residential6,QuantileForest,15,0.15414795893107117
residential6,QuantileForest,60,0.23336648077300187
residential6,STGCN,15,0.202823976424605
residential6,STGCN,60,0.35504482097427337
