horizon_minutes,label,pinball_0.05,pinball_0.5,pinball_0.95
15,Conformalized ExtraTrees,0.31078919896956103,0.5006263081589226,0.32589623585849037
15,IA conformal,0.5397747329207352,0.5082052056401587,0.2168554607360101
15,IA raw,0.5397747329207352,0.5082052056401587,0.2168554607360101
15,QuantileForest,0.1319780726889021,0.48477271834406066,0.2142242878056481
15,QuantileHGB,0.5461939478887953,0.5155960426177694,0.2152170658712465
60,Conformalized ExtraTrees,0.5526089920859019,0.7917754038648029,0.4997974522999599
60,IA conformal,0.5612557772059341,0.7333727195250045,0.3233147271612817
60,IA raw,0.5612557772059341,0.7333727195250045,0.3233147271612817
60,QuantileForest,0.16853576140901066,0.7408533986948381,0.31101819330396274
60,QuantileHGB,0.5533751834595402,0.7285605284176208,0.3315905433079391
