regime,horizon_minutes,coverage,width,n
Input unavailable: 0,15,0.9144613272596798,13.724862668994607,32051.0
Input unavailable: 0,60,0.9300242512046865,14.941961518825726,31751.0
Input unavailable: 1,15,0.6176470588235294,1.9227234750838484,476.0
Input unavailable: 1,60,0.7235059760956176,2.445839748501427,753.0
PV regime: high,15,0.9216693418940609,17.054600535295705,623.0
PV regime: high,60,0.9217806041335453,19.39274293493844,629.0
PV regime: low,15,0.9163452466316941,10.739751799870993,26497.0
PV regime: low,60,0.9308066890642104,11.38027503074189,26491.0
PV regime: medium,15,0.8782689106713519,26.930750916111542,5407.0
PV regime: medium,60,0.898254086181278,30.198929489115443,5384.0
Target: measured,15,0.9101177483321548,13.552150206846193,32527.0
Target: measured,60,0.9252399704651735,14.652471619334765,32504.0
Target: supplier marked,15,0.4770114942528735,1.5462455877140584,174.0
Target: supplier marked,60,0.7034482758620689,2.169474163814577,174.0
Type: industrial,15,0.9400315623356128,36.91571974241002,11406.0
Type: industrial,60,0.913942265508467,39.2649499692755,11397.0
Type: residential,15,0.8939633540078594,0.9350925806617777,21121.0
Type: residential,60,0.9313403136400247,1.3626428537937365,21107.0
Weak signal: 0,15,0.8979385947491758,11.039722944526037,25177.0
Weak signal: 0,60,0.9193131682499305,11.993743401532136,25159.0
Weak signal: 1,15,0.9518367346938776,22.158324517517556,7350.0
Weak signal: 1,60,0.9455411844792376,23.759475462996622,7345.0
