origin,horizon_minutes,IA-GTPF,IA-GTPF without residual,without_minus_full
1,15,1.5347100614221711,1.534411250808286,-0.0002988106138850366
1,60,2.2085888214894602,2.21124178477181,0.002652963282349763
2,15,1.2590371708254888,1.2617270492709778,0.002689878445488958
2,60,1.6471888019404475,1.6483140304175943,0.0011252284771468002
3,15,1.102984025657462,1.104742022030921,0.0017579963734590809
3,60,1.49209618697877,1.494115611214875,0.0020194242361051273
4,15,1.1780062689968882,1.1813113709756657,0.003305101978777536
4,60,1.6295197774035644,1.6321467858945116,0.0026270084909472136
5,15,1.2324252530395967,1.2294413224136376,-0.0029839306259591414
5,60,1.8203015455924838,1.8189701619452534,-0.0013313836472303997
