feature,include_in_model
net_load_kw,True
pv_power_kw,True
missingness_ratio,True
storage_charge_kw,True
storage_decharge_kw,True
ev_kw,True
heat_pump_kw,True
raw_anomaly_flag,True
input_missing_flag,True
gap_length,True
data_quality_score,True
imputed_value_confidence_weight,True
hour,True
dayofweek,True
month,True
is_weekend,True
hour_sin,True
hour_cos,True
dayofweek_sin,True
dayofweek_cos,True
month_sin,True
month_cos,True
lag_1_net_load_kw,True
lag_1_pv_power_kw,True
lag_2_net_load_kw,True
lag_2_pv_power_kw,True
lag_4_net_load_kw,True
lag_4_pv_power_kw,True
lag_8_net_load_kw,True
lag_8_pv_power_kw,True
lag_16_net_load_kw,True
lag_16_pv_power_kw,True
lag_32_net_load_kw,True
lag_32_pv_power_kw,True
lag_92_net_load_kw,True
lag_92_pv_power_kw,True
lag_95_net_load_kw,True
lag_95_pv_power_kw,True
lag_96_net_load_kw,True
lag_96_pv_power_kw,True
rolling_mean_4,True
rolling_std_4,True
rolling_min_4,True
rolling_max_4,True
rolling_mean_16,True
rolling_std_16,True
rolling_min_16,True
rolling_max_16,True
rolling_mean_96,True
rolling_std_96,True
rolling_min_96,True
rolling_max_96,True
net_load_ramp_kw,True
ramp_scale,True
rapid_ramp_flag,True
weak_signal_regime,True
high_interpolation_regime,True
pv_regime,True
persistence,True
graph_neighbor_net_load_kw,True
graph_neighbor_pv_power_kw,True
graph_net_load_difference_kw,True
seasonal_reference_h1,True
seasonal_reference_h4,True
site,True
building_type,True
