model,horizon_minutes,MAE_mean,MAE_std,RMSE_mean,R2_mean,runs,n
Conformalized ExtraTrees,15,1.0012526163178452,0.026245400167273215,2.5542333100338266,0.989357327549939,5,32527
Conformalized ExtraTrees,60,1.5835508077296059,0.05195178887278361,4.4589510210460235,0.9675787997389996,5,32504
DLinear-lite,15,1.6097406115479036,0.6898134337386728,3.929730779590881,0.969198456277787,5,32527
DLinear-lite,60,1.9841012867987406,0.6382049204403331,5.40413515171781,0.948285860726912,5,32504
ExtraTrees,15,1.0012526163178452,0.026245400167273215,2.5542333100338266,0.989357327549939,5,32527
ExtraTrees,60,1.5835508077296059,0.05195178887278361,4.4589510210460235,0.9675787997389996,5,32504
GRU-lite,15,1.0833844535634272,0.023023238047924426,2.6808013093918093,0.988274620754763,5,32527
GRU-lite,60,1.5581081689301857,0.04259519630676034,4.36418905741763,0.9689480527682879,5,32504
GraphTemporalMLP-lite,15,1.1968924159084633,0.033023275358427424,2.811071395102251,0.9871068272898048,5,32527
GraphTemporalMLP-lite,60,1.6572230038736335,0.03675135755290273,4.420668622897604,0.9681411134573757,5,32504
HGB,15,1.0560068629887256,0.0,2.6491040378296207,0.9885540793491896,1,32527
HGB,60,1.5099205181917843,0.0,4.31090753809901,0.9697059896871758,1,32504
IA-GTPF,15,0.9823553871121267,0.003248270253884512,2.540830131452071,0.9894705688805526,5,32527
IA-GTPF,60,1.3939992767878766,0.007803863574484723,4.2017094209261385,0.9712209790745533,5,32504
PatchTST-lite,15,1.2437374833407389,0.04564011669920172,2.9253738363194572,0.9860366464588081,5,32527
PatchTST-lite,60,1.6697610782092607,0.023846057102739647,4.455940452038592,0.967628944670295,5,32504
Persistence,15,1.033784417723947,0.0,2.6691473160108727,0.9883802230963178,1,32527
Persistence,60,1.5130599477339897,0.0,4.67933868336809,0.9643065676453128,1,32504
QuantileForest,15,0.9695454366881215,0.00684501423172573,2.54732864765736,0.9894166020626175,5,32527
QuantileForest,60,1.4817067973896763,0.007196383454573627,4.426510989923359,0.9680581279689144,5,32504
QuantileHGB,15,1.0311920852355387,0.0,2.6734006575300726,0.9883431608798996,1,32527
QuantileHGB,60,1.4571210568352415,0.0,4.358374440213432,0.969035189197864,1,32504
RandomForest,15,1.0242569236504522,0.011003194298343441,2.5676947850724994,0.9892464047178366,5,32527
RandomForest,60,1.4837355183072278,0.007524110154007065,4.251683958031493,0.9705318131513071,5,32504
Ridge,15,1.087871543468543,0.0,2.571565907495969,0.9892143078437806,1,32527
Ridge,60,1.819630803699864,0.0,4.2340776988060815,0.970776178962131,1,32504
STGCN,15,1.315620020329551,0.07131978601895778,3.2524080536817266,0.9827018429495151,5,32527
STGCN,60,1.8528954512304137,0.09212843025503094,4.914595300622651,0.9605626069919635,5,32504
Seasonal Persistence,15,2.6343254197118164,0.0,9.517885045090804,0.8522479170965701,1,32527
Seasonal Persistence,60,2.636044049751854,0.0,9.521034006715055,0.8522295535185286,1,32504
TCN-lite,15,1.214896514397958,0.05604287800621202,2.8628106397241337,0.9866144020136545,5,32527
TCN-lite,60,1.717717862344945,0.0670165053683047,4.593925783279685,0.9655815075887167,5,32504
