horizon_minutes,seed,comparison,model,n,MAE,RMSE
15,11,IA-GTPF,Lag-Llama zero-shot,1024,1.2209942414271457,4.5280233849388285
15,11,IA-GTPF,IA-GTPF,1024,1.0650379999283848,2.982148369970247
15,11,ExtraTrees,Lag-Llama zero-shot,1024,1.2209942414271457,4.5280233849388285
15,11,ExtraTrees,ExtraTrees,1024,1.0623344856853714,3.016471220485453
15,11,QuantileForest,Lag-Llama zero-shot,1024,1.2209942414271457,4.5280233849388285
15,11,QuantileForest,QuantileForest,1024,1.0520856061068815,3.0018563314210236
15,11,STGCN,Lag-Llama zero-shot,1024,1.2209942414271457,4.5280233849388285
15,11,STGCN,STGCN,1024,1.2575984033066172,3.218445396943979
15,11,Persistence,Lag-Llama zero-shot,1024,1.2209942414271457,4.5280233849388285
15,11,Persistence,Persistence,1024,1.1540710654045119,3.1375972808886745
15,11,Seasonal Persistence,Lag-Llama zero-shot,1024,1.2209942414271457,4.5280233849388285
15,11,Seasonal Persistence,Seasonal Persistence,1024,3.312107162495395,12.089368534777146
15,23,IA-GTPF,Lag-Llama zero-shot,1024,1.258507039251774,4.991589872486105
15,23,IA-GTPF,IA-GTPF,1024,1.0701500737794967,3.0032043628007745
15,23,ExtraTrees,Lag-Llama zero-shot,1024,1.258507039251774,4.991589872486105
15,23,ExtraTrees,ExtraTrees,1024,1.0791602835659568,3.0286777441724593
15,23,QuantileForest,Lag-Llama zero-shot,1024,1.258507039251774,4.991589872486105
15,23,QuantileForest,QuantileForest,1024,1.053369678423885,3.0232175491533253
15,23,STGCN,Lag-Llama zero-shot,1024,1.258507039251774,4.991589872486105
15,23,STGCN,STGCN,1024,1.3366786914240354,3.509108637127118
15,23,Persistence,Lag-Llama zero-shot,1024,1.258507039251774,4.991589872486105
15,23,Persistence,Persistence,1024,1.1540710654045119,3.1375972808886745
15,23,Seasonal Persistence,Lag-Llama zero-shot,1024,1.258507039251774,4.991589872486105
15,23,Seasonal Persistence,Seasonal Persistence,1024,3.312107162495395,12.089368534777146
15,37,IA-GTPF,Lag-Llama zero-shot,1024,1.2358427152796172,4.609586770798279
15,37,IA-GTPF,IA-GTPF,1024,1.0674579363639212,3.02436156764701
15,37,ExtraTrees,Lag-Llama zero-shot,1024,1.2358427152796172,4.609586770798279
15,37,ExtraTrees,ExtraTrees,1024,1.1163645853757838,3.08556924644973
15,37,QuantileForest,Lag-Llama zero-shot,1024,1.2358427152796172,4.609586770798279
15,37,QuantileForest,QuantileForest,1024,1.0389963704147047,3.005530478708753
15,37,STGCN,Lag-Llama zero-shot,1024,1.2358427152796172,4.609586770798279
15,37,STGCN,STGCN,1024,1.4363045121286537,3.702939705508816
15,37,Persistence,Lag-Llama zero-shot,1024,1.2358427152796172,4.609586770798279
15,37,Persistence,Persistence,1024,1.1540710654045119,3.1375972808886745
15,37,Seasonal Persistence,Lag-Llama zero-shot,1024,1.2358427152796172,4.609586770798279
15,37,Seasonal Persistence,Seasonal Persistence,1024,3.312107162495395,12.089368534777146
15,53,IA-GTPF,Lag-Llama zero-shot,1024,1.1904027719895236,4.225857428739621
15,53,IA-GTPF,IA-GTPF,1024,1.0774132986172698,3.0334826375027615
15,53,ExtraTrees,Lag-Llama zero-shot,1024,1.1904027719895236,4.225857428739621
15,53,ExtraTrees,ExtraTrees,1024,1.0865216353646858,3.15949138409604
15,53,QuantileForest,Lag-Llama zero-shot,1024,1.1904027719895236,4.225857428739621
15,53,QuantileForest,QuantileForest,1024,1.0513671954922572,3.011969889987492
15,53,STGCN,Lag-Llama zero-shot,1024,1.1904027719895236,4.225857428739621
15,53,STGCN,STGCN,1024,1.5389238500620883,3.955151001775972
15,53,Persistence,Lag-Llama zero-shot,1024,1.1904027719895236,4.225857428739621
15,53,Persistence,Persistence,1024,1.1540710654045119,3.1375972808886745
15,53,Seasonal Persistence,Lag-Llama zero-shot,1024,1.1904027719895236,4.225857428739621
15,53,Seasonal Persistence,Seasonal Persistence,1024,3.312107162495395,12.089368534777146
15,71,IA-GTPF,Lag-Llama zero-shot,1024,1.1936335793977373,3.950780103033766
15,71,IA-GTPF,IA-GTPF,1024,1.0636106368624316,2.9870483006340733
15,71,ExtraTrees,Lag-Llama zero-shot,1024,1.1936335793977373,3.950780103033766
15,71,ExtraTrees,ExtraTrees,1024,1.064691897202934,3.0704526329426183
15,71,QuantileForest,Lag-Llama zero-shot,1024,1.1936335793977373,3.950780103033766
15,71,QuantileForest,QuantileForest,1024,1.0429067316529874,2.9928108582031183
15,71,STGCN,Lag-Llama zero-shot,1024,1.1936335793977373,3.950780103033766
15,71,STGCN,STGCN,1024,1.3997881867534847,3.532758260276528
15,71,Persistence,Lag-Llama zero-shot,1024,1.1936335793977373,3.950780103033766
15,71,Persistence,Persistence,1024,1.1540710654045119,3.1375972808886745
15,71,Seasonal Persistence,Lag-Llama zero-shot,1024,1.1936335793977373,3.950780103033766
15,71,Seasonal Persistence,Seasonal Persistence,1024,3.312107162495395,12.089368534777146
60,11,IA-GTPF,Lag-Llama zero-shot,1024,1.4362116414712167,5.954530567356281
60,11,IA-GTPF,IA-GTPF,1024,1.106101261254521,3.0232209289283
60,11,ExtraTrees,Lag-Llama zero-shot,1024,1.4362116414712167,5.954530567356281
60,11,ExtraTrees,ExtraTrees,1024,1.2078635928312051,3.0626198954331008
60,11,QuantileForest,Lag-Llama zero-shot,1024,1.4362116414712167,5.954530567356281
60,11,QuantileForest,QuantileForest,1024,1.1627172960671146,3.1115381666957305
60,11,STGCN,Lag-Llama zero-shot,1024,1.4362116414712167,5.954530567356281
60,11,STGCN,STGCN,1024,1.5803691701945464,3.998209648487533
60,11,Persistence,Lag-Llama zero-shot,1024,1.4362116414712167,5.954530567356281
60,11,Persistence,Persistence,1024,1.239824549989222,3.42724117892899
60,11,Seasonal Persistence,Lag-Llama zero-shot,1024,1.4362116414712167,5.954530567356281
60,11,Seasonal Persistence,Seasonal Persistence,1024,2.3095201206841085,8.84105491997391
60,23,IA-GTPF,Lag-Llama zero-shot,1024,1.4202261481389953,5.439627439614697
60,23,IA-GTPF,IA-GTPF,1024,1.098454608878929,2.9925474689571883
60,23,ExtraTrees,Lag-Llama zero-shot,1024,1.4202261481389953,5.439627439614697
60,23,ExtraTrees,ExtraTrees,1024,1.264097924049164,3.178016360931137
60,23,QuantileForest,Lag-Llama zero-shot,1024,1.4202261481389953,5.439627439614697
60,23,QuantileForest,QuantileForest,1024,1.1827115197160363,3.118529890379321
60,23,STGCN,Lag-Llama zero-shot,1024,1.4202261481389953,5.439627439614697
60,23,STGCN,STGCN,1024,1.6315848092432699,3.9750055230999437
60,23,Persistence,Lag-Llama zero-shot,1024,1.4202261481389953,5.439627439614697
60,23,Persistence,Persistence,1024,1.239824549989222,3.42724117892899
60,23,Seasonal Persistence,Lag-Llama zero-shot,1024,1.4202261481389953,5.439627439614697
60,23,Seasonal Persistence,Seasonal Persistence,1024,2.3095201206841085,8.84105491997391
60,37,IA-GTPF,Lag-Llama zero-shot,1024,1.5031374835648288,6.027411373816715
60,37,IA-GTPF,IA-GTPF,1024,1.1189021500046183,3.0581454370821963
60,37,ExtraTrees,Lag-Llama zero-shot,1024,1.5031374835648288,6.027411373816715
60,37,ExtraTrees,ExtraTrees,1024,1.297894195873562,3.267470710144419
60,37,QuantileForest,Lag-Llama zero-shot,1024,1.5031374835648288,6.027411373816715
60,37,QuantileForest,QuantileForest,1024,1.1336278584368182,2.972922379822661
60,37,STGCN,Lag-Llama zero-shot,1024,1.5031374835648288,6.027411373816715
60,37,STGCN,STGCN,1024,1.45561758366339,3.532308301021525
60,37,Persistence,Lag-Llama zero-shot,1024,1.5031374835648288,6.027411373816715
60,37,Persistence,Persistence,1024,1.239824549989222,3.42724117892899
60,37,Seasonal Persistence,Lag-Llama zero-shot,1024,1.5031374835648288,6.027411373816715
60,37,Seasonal Persistence,Seasonal Persistence,1024,2.3095201206841085,8.84105491997391
60,53,IA-GTPF,Lag-Llama zero-shot,1024,1.4643715735528926,5.725068093355957
60,53,IA-GTPF,IA-GTPF,1024,1.1083974882521423,3.030230182632498
60,53,ExtraTrees,Lag-Llama zero-shot,1024,1.4643715735528926,5.725068093355957
60,53,ExtraTrees,ExtraTrees,1024,1.2283192636598597,3.1325973185307467
60,53,QuantileForest,Lag-Llama zero-shot,1024,1.4643715735528926,5.725068093355957
60,53,QuantileForest,QuantileForest,1024,1.1519557095923816,3.0397120670767133
60,53,STGCN,Lag-Llama zero-shot,1024,1.4643715735528926,5.725068093355957
60,53,STGCN,STGCN,1024,1.535780882738425,3.6503507156896764
60,53,Persistence,Lag-Llama zero-shot,1024,1.4643715735528926,5.725068093355957
60,53,Persistence,Persistence,1024,1.239824549989222,3.42724117892899
60,53,Seasonal Persistence,Lag-Llama zero-shot,1024,1.4643715735528926,5.725068093355957
60,53,Seasonal Persistence,Seasonal Persistence,1024,2.3095201206841085,8.84105491997391
60,71,IA-GTPF,Lag-Llama zero-shot,1024,1.4698739539606238,6.142861568018883
60,71,IA-GTPF,IA-GTPF,1024,1.1106400110433527,3.012750909730692
60,71,ExtraTrees,Lag-Llama zero-shot,1024,1.4698739539606238,6.142861568018883
60,71,ExtraTrees,ExtraTrees,1024,1.1889094931016466,3.108924003371695
60,71,QuantileForest,Lag-Llama zero-shot,1024,1.4698739539606238,6.142861568018883
60,71,QuantileForest,QuantileForest,1024,1.1812363237476655,3.1544133179444716
60,71,STGCN,Lag-Llama zero-shot,1024,1.4698739539606238,6.142861568018883
60,71,STGCN,STGCN,1024,1.6953204722822357,4.0487813547420854
60,71,Persistence,Lag-Llama zero-shot,1024,1.4698739539606238,6.142861568018883
60,71,Persistence,Persistence,1024,1.239824549989222,3.42724117892899
60,71,Seasonal Persistence,Lag-Llama zero-shot,1024,1.4698739539606238,6.142861568018883
60,71,Seasonal Persistence,Seasonal Persistence,1024,2.3095201206841085,8.84105491997391
