horizon_minutes,seed,benchmark_partition,method,n,coverage,width,calibration_error,interval_score,pinball_0.05,pinball_0.5,pinball_0.95,mean_pinball,WIS_single_90_interval
15,11,foundation_matched_subset,raw_zero_shot_sample_quantiles,1024,0.7685546875,3.792419608882847,0.13144531250000002,8.111137071382721,0.1793056603662902,0.6104971207135729,0.22625119320284592,0.33868465809423637,0.6773693161884727
15,23,foundation_matched_subset,raw_zero_shot_sample_quantiles,1024,0.7919921875,4.017937009579329,0.10800781250000002,8.726548119289658,0.1753537524366106,0.629253519625887,0.2609736535278724,0.3551936418634567,0.7103872837269133
15,37,foundation_matched_subset,raw_zero_shot_sample_quantiles,1024,0.7705078125,3.99116916310777,0.12949218750000002,8.970363676694861,0.17665639827964066,0.6179213576398086,0.2718617855551025,0.3554798471581839,0.7109596943163679
15,53,foundation_matched_subset,raw_zero_shot_sample_quantiles,1024,0.771484375,4.104362397679871,0.12851562500000002,8.31796226620885,0.16164194593657483,0.5952013859947618,0.2542561673738678,0.33703316643506814,0.6740663328701363
15,71,foundation_matched_subset,raw_zero_shot_sample_quantiles,1024,0.791015625,3.864929623050558,0.10898437500000002,7.854930572296312,0.169775862394902,0.5968167896988686,0.2229706662199137,0.3298544394378948,0.6597088788757894
60,11,foundation_matched_subset,raw_zero_shot_sample_quantiles,1024,0.83984375,4.813084908096426,0.06015625000000002,10.671527824235245,0.1655915438703145,0.7181058207356084,0.36798484734144776,0.41722740398245683,0.8344548079649138
60,23,foundation_matched_subset,raw_zero_shot_sample_quantiles,1024,0.8369140625,5.277498965962514,0.06308593750000002,11.314601081416026,0.18948487615096815,0.7101130740694976,0.37624517791983325,0.42528104271343303,0.8505620854268661
60,37,foundation_matched_subset,raw_zero_shot_sample_quantiles,1024,0.826171875,4.790724466657412,0.07382812500000002,10.66154051422425,0.18597965896076787,0.7515687417824144,0.3470973667504446,0.42821525583120895,0.8564305116624178
60,53,foundation_matched_subset,raw_zero_shot_sample_quantiles,1024,0.8349609375,4.79284316666308,0.06503906250000002,10.080549126090148,0.1629308645491332,0.7321857867764463,0.3410965917553744,0.4120710810269846,0.8241421620539692
60,71,foundation_matched_subset,raw_zero_shot_sample_quantiles,1024,0.8251953125,4.93077036932009,0.07480468750000002,10.865297380488125,0.16245352982886205,0.7349369769803119,0.3808113391955442,0.42606728200157273,0.8521345640031455
