origin,model,horizon_minutes,seed,reference,n,MAE,RMSE,R2
0,Persistence,15,0,measured,32527,1.033784417723947,2.6691473160108727,0.9883802230963178
0,Persistence,15,0,supplier_interpolated,174,0.8375704474744501,1.1427035108385293,0.3579215083706233
0,Persistence,15,0,raw_unscreened,32533,5.13332985252065,503.58092456042175,0.0019868535048657154
0,Seasonal Persistence,15,0,measured,32527,2.6343254197118164,9.517885045090804,0.8522479170965701
0,Seasonal Persistence,15,0,supplier_interpolated,174,0.9633542414599802,1.325195614871209,0.1364629434806961
0,Seasonal Persistence,15,0,raw_unscreened,32533,6.733619545376108,503.66456871021643,0.0016552885474089285
0,Ridge,15,0,measured,32527,1.0878715434685433,2.571565907495969,0.9892143078437806
0,Ridge,15,0,supplier_interpolated,174,1.2711690087153642,1.5304605802804414,-0.15176876019516472
0,Ridge,15,0,raw_unscreened,32533,5.1875173502531,503.5835407579309,0.0019764837463505103
0,ExtraTrees,15,11,measured,32527,0.9909596373836197,2.529845466250073,0.9895614376778403
0,ExtraTrees,15,11,supplier_interpolated,174,0.9836852463238794,1.2791272411766283,0.19545841848318268
0,ExtraTrees,15,11,raw_unscreened,32533,5.090667112139655,503.5832563930504,0.001977610879129177
0,Conformalized ExtraTrees,15,11,measured,32527,0.9909596373836197,2.529845466250073,0.9895614376778403
0,Conformalized ExtraTrees,15,11,supplier_interpolated,174,0.9836852463238794,1.2791272411766283,0.19545841848318268
0,Conformalized ExtraTrees,15,11,raw_unscreened,32533,5.090667112139655,503.5832563930504,0.001977610879129177
0,ExtraTrees,15,23,measured,32527,1.0072484900467806,2.5486775206059686,0.9894054508870486
0,ExtraTrees,15,23,supplier_interpolated,174,1.0038819259293155,1.2998235863815142,0.16921274509962647
0,ExtraTrees,15,23,raw_unscreened,32533,5.10695214776512,503.58343346894,0.0019769090061769745
0,Conformalized ExtraTrees,15,23,measured,32527,1.0072484900467806,2.5486775206059686,0.9894054508870486
0,Conformalized ExtraTrees,15,23,supplier_interpolated,174,1.0038819259293155,1.2998235863815142,0.16921274509962647
0,Conformalized ExtraTrees,15,23,raw_unscreened,32533,5.10695214776512,503.58343346894,0.0019769090061769745
0,ExtraTrees,15,37,measured,32527,1.0436089637013868,2.6170145476791733,0.988829696445556
0,ExtraTrees,15,37,supplier_interpolated,174,0.9937359327830022,1.289036534291298,0.1829446997422156
0,ExtraTrees,15,37,raw_unscreened,32533,5.143299563615252,503.58342131733053,0.0019769571713305067
0,Conformalized ExtraTrees,15,37,measured,32527,1.0436089637013868,2.6170145476791733,0.988829696445556
0,Conformalized ExtraTrees,15,37,supplier_interpolated,174,0.9937359327830022,1.289036534291298,0.1829446997422156
0,Conformalized ExtraTrees,15,37,raw_unscreened,32533,5.143299563615252,503.58342131733053,0.0019769571713305067
0,ExtraTrees,15,53,measured,32527,0.989117742554796,2.556086850657097,0.9893437619420421
0,ExtraTrees,15,53,supplier_interpolated,174,0.9578479911592674,1.2529117738328703,0.2280983317666997
0,ExtraTrees,15,53,raw_unscreened,32533,5.08881785635779,503.583296271948,0.001977452811784186
0,Conformalized ExtraTrees,15,53,measured,32527,0.989117742554796,2.556086850657097,0.9893437619420421
0,Conformalized ExtraTrees,15,53,supplier_interpolated,174,0.9578479911592674,1.2529117738328703,0.2280983317666997
0,Conformalized ExtraTrees,15,53,raw_unscreened,32533,5.08881785635779,503.583296271948,0.001977452811784186
0,ExtraTrees,15,71,measured,32527,0.9753282479026439,2.51954216497682,0.9896462907972081
0,ExtraTrees,15,71,supplier_interpolated,174,0.9762548149159365,1.269586178481919,0.20741587345121704
0,ExtraTrees,15,71,raw_unscreened,32533,5.075029871397656,503.5831039757713,0.001978215012932827
0,Conformalized ExtraTrees,15,71,measured,32527,0.9753282479026439,2.51954216497682,0.9896462907972081
0,Conformalized ExtraTrees,15,71,supplier_interpolated,174,0.9762548149159365,1.269586178481919,0.20741587345121704
0,Conformalized ExtraTrees,15,71,raw_unscreened,32533,5.075029871397656,503.5831039757713,0.001978215012932827
0,RandomForest,15,11,measured,32527,1.0418672245025205,2.5945580416536105,0.9890205778750648
0,RandomForest,15,11,supplier_interpolated,174,1.4141484454347404,1.7413113148372037,-0.4909869517607999
0,RandomForest,15,11,raw_unscreened,32533,5.141727629289751,503.58661892910317,0.001964282805067108
0,RandomForest,15,23,measured,32527,1.0183542108620345,2.5581440578673167,0.9893266021874714
0,RandomForest,15,23,supplier_interpolated,174,1.3819240233394088,1.7073219014705414,-0.4333485838726938
0,RandomForest,15,23,raw_unscreened,32533,5.1182074809470395,503.5859948209364,0.001966756587461038
0,RandomForest,15,37,measured,32527,1.0128191351618805,2.551754950171453,0.9893798504237249
0,RandomForest,15,37,supplier_interpolated,174,1.3524484214929184,1.6732054448502225,-0.3766373141880055
0,RandomForest,15,37,raw_unscreened,32533,5.11266572490657,503.58599098481704,0.0019667717927076556
0,RandomForest,15,53,measured,32527,1.026178358379817,2.5691387794678646,0.9892346580138552
0,RandomForest,15,53,supplier_interpolated,174,1.3804216769482487,1.705827065384377,-0.4308397620677169
0,RandomForest,15,53,raw_unscreened,32533,5.126027376434207,503.58593600623146,0.0019669897116062485
0,RandomForest,15,71,measured,32527,1.0220656893460085,2.564878096202251,0.9892703350890668
0,RandomForest,15,71,supplier_interpolated,174,1.3714489569478818,1.6925137598968258,-0.408592640446783
0,RandomForest,15,71,raw_unscreened,32533,5.121909609937213,503.5860448670103,0.0019665582195615983
0,HGB,15,0,measured,32527,1.0560068629887256,2.6491040378296207,0.9885540793491896
0,HGB,15,0,supplier_interpolated,174,0.9069365179226119,1.1898350516398717,0.3038633222903432
0,HGB,15,0,raw_unscreened,32533,5.155702399948409,503.584267898128,0.0019736015888471847
0,QuantileForest,15,11,measured,32527,0.9816412668589771,2.5587950584424397,0.9893211691296954
0,QuantileForest,15,11,supplier_interpolated,174,1.2848924007020508,1.6129410593075653,-0.27925756470047447
0,QuantileForest,15,11,raw_unscreened,32533,5.0814675828634766,503.58621453029093,0.001965885724133365
0,QuantileForest,15,23,measured,32527,0.9653955429771288,2.5443553586503476,0.989441353843952
0,QuantileForest,15,23,supplier_interpolated,174,1.207266266540892,1.5245336624214605,-0.14286526962099821
0,QuantileForest,15,23,raw_unscreened,32533,5.065178107533996,503.5851119075364,0.0019702561929338946
0,QuantileForest,15,37,measured,32527,0.9655652208234126,2.5410474614913756,0.9894687904293284
0,QuantileForest,15,37,supplier_interpolated,174,1.1082095173567843,1.420655531676776,0.007572997827578476
0,QuantileForest,15,37,raw_unscreened,32533,5.065327420488684,503.5847601694791,0.0019716503760114357
0,QuantileForest,15,53,measured,32527,0.9678630474759208,2.545243148750364,0.9894339841997049
0,QuantileForest,15,53,supplier_interpolated,174,1.2205549038291814,1.550666880961215,-0.18238257669645797
0,QuantileForest,15,53,raw_unscreened,32533,5.067650909134871,503.58521681793064,0.0019698403597316894
0,QuantileForest,15,71,measured,32527,0.9672621053051675,2.5472022109522734,0.9894177127104065
0,QuantileForest,15,71,supplier_interpolated,174,1.192037666033066,1.5011310287003712,-0.10804705232397316
0,QuantileForest,15,71,raw_unscreened,32533,5.067039123526972,503.58503206841436,0.0019705726511067834
0,QuantileHGB,15,0,measured,32527,1.0311920852355387,2.6734006575300726,0.9883431608798995
0,QuantileHGB,15,0,supplier_interpolated,174,0.9745756387150248,1.1984653966470633,0.29372798709270276
0,QuantileHGB,15,0,raw_unscreened,32533,5.130917997427241,503.58460498034333,0.001972265498411785
0,IA-GTPF,15,11,measured,32527,0.9853983373877563,2.542919938850716,0.9894532639841607
0,IA-GTPF,15,11,supplier_interpolated,174,1.0420300352607126,1.3293506731007438,0.1310393339429341
0,IA-GTPF,15,11,raw_unscreened,32533,5.085145554253616,503.5854466368658,0.0019689294263952606
0,IA-GTPF,15,23,measured,32527,0.9776978284454004,2.534843369052315,0.9895201525840313
0,IA-GTPF,15,23,supplier_interpolated,174,1.0502284871735639,1.337424675208499,0.12045176408108571
0,IA-GTPF,15,23,raw_unscreened,32533,5.0774534222045755,503.5855510234017,0.0019685156693350914
0,IA-GTPF,15,37,measured,32527,0.9854679838597761,2.544509233421538,0.9894400766965721
0,IA-GTPF,15,37,supplier_interpolated,174,0.9975504459724077,1.2838162413216125,0.18954906084969092
0,IA-GTPF,15,37,raw_unscreened,32533,5.0852021525201545,503.5851176187684,0.0019702335553327677
0,IA-GTPF,15,53,measured,32527,0.9820767100521184,2.543803694332462,0.9894459319755745
0,IA-GTPF,15,53,supplier_interpolated,174,1.0414809077993152,1.3279271033220976,0.13289943574635255
0,IA-GTPF,15,53,raw_unscreened,32533,5.081827324196087,503.58541985052807,0.0019690355994262942
0,IA-GTPF,15,71,measured,32527,0.9811360758155825,2.5380744216033237,0.9894934191624243
0,IA-GTPF,15,71,supplier_interpolated,174,1.0494666970105129,1.3390322143906364,0.11833611897153973
0,IA-GTPF,15,71,raw_unscreened,32533,5.080886061613322,503.5854700449012,0.001968836643939764
0,Persistence,60,0,measured,32504,1.5130599477339897,4.67933868336809,0.9643065676453128
0,Persistence,60,0,supplier_interpolated,174,0.930883052272957,1.3467879918169905,0.10809321095089941
0,Persistence,60,0,raw_unscreened,32510,5.615436705713287,503.76954539236476,0.0019446501506805713
0,Seasonal Persistence,60,0,measured,32504,2.636044049751854,9.521034006715057,0.8522295535185286
0,Seasonal Persistence,60,0,supplier_interpolated,174,1.020232647674328,1.4371306254881158,-0.015578474914889284
0,Seasonal Persistence,60,0,raw_unscreened,32510,6.73823004116434,503.83806521808185,0.001673132231318375
0,Ridge,60,0,measured,32504,1.819630803699864,4.2340776988060815,0.970776178962131
0,Ridge,60,0,supplier_interpolated,174,1.9822420039558422,2.3153817496169498,-1.636126277247329
0,Ridge,60,0,raw_unscreened,32510,5.922017176489501,503.7694804659247,0.0019449074118719212
0,ExtraTrees,60,11,measured,32504,1.541365903690031,4.382238705572904,0.9686951653940916
0,ExtraTrees,60,11,supplier_interpolated,174,1.1761313564549194,1.5814768511614334,-0.2298345153577337
0,ExtraTrees,60,11,raw_unscreened,32510,5.643878090820264,503.7731022935317,0.0019305564175303713
0,Conformalized ExtraTrees,60,11,measured,32504,1.541365903690031,4.382238705572904,0.9686951653940916
0,Conformalized ExtraTrees,60,11,supplier_interpolated,174,1.1761313564549194,1.5814768511614334,-0.2298345153577337
0,Conformalized ExtraTrees,60,11,raw_unscreened,32510,5.643878090820264,503.7731022935317,0.0019305564175303713
0,ExtraTrees,60,23,measured,32504,1.6304598302630913,4.53405696501381,0.9664885440106965
0,ExtraTrees,60,23,supplier_interpolated,174,1.154672400719174,1.561535032752641,-0.19901457605511141
0,ExtraTrees,60,23,raw_unscreened,32510,5.732952053927837,503.7743629089807,0.0019255613777864333
0,Conformalized ExtraTrees,60,23,measured,32504,1.6304598302630913,4.53405696501381,0.9664885440106965
0,Conformalized ExtraTrees,60,23,supplier_interpolated,174,1.154672400719174,1.561535032752641,-0.19901457605511141
0,Conformalized ExtraTrees,60,23,raw_unscreened,32510,5.732952053927837,503.7743629089807,0.0019255613777864333
0,ExtraTrees,60,37,measured,32504,1.6421526952953829,4.577531578903839,0.9658428166535183
0,ExtraTrees,60,37,supplier_interpolated,174,1.142526473896895,1.5467267238872073,-0.17638147576228946
0,ExtraTrees,60,37,raw_unscreened,32510,5.744641637014918,503.77433505341156,0.0019256717523223887
0,Conformalized ExtraTrees,60,37,measured,32504,1.6421526952953829,4.577531578903839,0.9658428166535183
0,Conformalized ExtraTrees,60,37,supplier_interpolated,174,1.142526473896895,1.5467267238872073,-0.17638147576228946
0,Conformalized ExtraTrees,60,37,raw_unscreened,32510,5.744641637014918,503.77433505341156,0.0019256717523223887
0,ExtraTrees,60,53,measured,32504,1.5781238314230124,4.417999715366072,0.9681821580707249
0,ExtraTrees,60,53,supplier_interpolated,174,1.0755488709405803,1.488733040488462,-0.0898196969124978
0,ExtraTrees,60,53,raw_unscreened,32510,5.680602837617663,503.772530930689,0.0019328203711574954
0,Conformalized ExtraTrees,60,53,measured,32504,1.5781238314230124,4.417999715366072,0.9681821580707249
0,Conformalized ExtraTrees,60,53,supplier_interpolated,174,1.0755488709405803,1.488733040488462,-0.0898196969124978
0,Conformalized ExtraTrees,60,53,raw_unscreened,32510,5.680602837617663,503.772530930689,0.0019328203711574954
0,ExtraTrees,60,71,measured,32504,1.525651777976512,4.382928140373489,0.9686853145659664
0,ExtraTrees,60,71,supplier_interpolated,174,1.154328488552029,1.5692803329429956,-0.2109384317111085
0,ExtraTrees,60,71,raw_unscreened,32510,5.628149712245909,503.77222443177277,0.00193403483362653
0,Conformalized ExtraTrees,60,71,measured,32504,1.525651777976512,4.382928140373489,0.9686853145659664
0,Conformalized ExtraTrees,60,71,supplier_interpolated,174,1.154328488552029,1.5692803329429956,-0.2109384317111085
0,Conformalized ExtraTrees,60,71,raw_unscreened,32510,5.628149712245909,503.77222443177277,0.00193403483362653
0,RandomForest,60,11,measured,32504,1.493656878472913,4.286385365094853,0.9700496584250469
0,RandomForest,60,11,supplier_interpolated,174,1.0746675535091654,1.4679846469677913,-0.05965386308058074
0,RandomForest,60,11,raw_unscreened,32510,5.5961160586153325,503.76952026137985,0.0019447497284085236
0,RandomForest,60,23,measured,32504,1.4819285312433816,4.23452181242758,0.9707700480507079
0,RandomForest,60,23,supplier_interpolated,174,1.0673131996150476,1.45602509766007,-0.042458370224566
0,RandomForest,60,23,raw_unscreened,32510,5.584375696893457,503.76823102310436,0.001949858133468485
0,RandomForest,60,37,measured,32504,1.4839076204970219,4.267196004149249,0.9703172225334328
0,RandomForest,60,37,supplier_interpolated,174,1.0635902598905438,1.4514689720468585,-0.03594455364161142
0,RandomForest,60,37,raw_unscreened,32510,5.586366221975574,503.76919213139513,0.0019460498934011916
0,RandomForest,60,53,measured,32504,1.472869636497497,4.224308441091246,0.9709108792199288
0,RandomForest,60,53,supplier_interpolated,174,1.0589116710165773,1.446249076985517,-0.028506849535803624
0,RandomForest,60,53,raw_unscreened,32510,5.575322181954707,503.76761181711646,0.0019523116357189618
0,RandomForest,60,71,measured,32504,1.4863149248253256,4.246008167394535,0.9706112575274188
0,RandomForest,60,71,supplier_interpolated,174,1.090916872415678,1.4748010560490588,-0.06951745923323949
0,RandomForest,60,71,raw_unscreened,32510,5.588773773399089,503.76880044575415,0.0019476018868748168
0,HGB,60,0,measured,32504,1.5099205181917843,4.31090753809901,0.9697059896871758
0,HGB,60,0,supplier_interpolated,174,0.9803636755146493,1.3849207047545895,0.05687161711151245
0,HGB,60,0,raw_unscreened,32510,5.612386841138969,503.7695086318802,0.001944795808540456
0,QuantileForest,60,11,measured,32504,1.4908777196382341,4.478382544693231,0.9673064764251512
0,QuantileForest,60,11,supplier_interpolated,174,1.0908347890532186,1.4515963920260966,-0.036126446372350296
0,QuantileForest,60,11,raw_unscreened,32510,5.5933836563036605,503.7735151254898,0.0019289206210592047
0,QuantileForest,60,23,measured,32504,1.4810862750319624,4.417098938410079,0.9681951312979099
0,QuantileForest,60,23,supplier_interpolated,174,1.0850122516487115,1.4445798499056808,-0.026134062219449694
0,QuantileForest,60,23,raw_unscreened,32510,5.583582735924929,503.7725552517103,0.0019327240022124492
0,QuantileForest,60,37,measured,32504,1.4746017833406448,4.407848328214146,0.9683282079457914
0,QuantileForest,60,37,supplier_interpolated,174,1.0834843760028465,1.4464738798560524,-0.02882661362816563
0,QuantileForest,60,37,raw_unscreened,32510,5.577106266458533,503.77225447057646,0.0019339158087695596
0,QuantileForest,60,53,measured,32504,1.4750202516175193,4.432383946112728,0.9679746341844924
0,QuantileForest,60,53,supplier_interpolated,174,1.0866835098912,1.4482246587809566,-0.0313186573108033
0,QuantileForest,60,53,raw_unscreened,32510,5.577521665284118,503.7719971923351,0.001934935240145652
0,QuantileForest,60,71,measured,32504,1.4869479573200204,4.39684119218661,0.9684861899912277
0,QuantileForest,60,71,supplier_interpolated,174,1.084278981215387,1.439382287587202,-0.01876333636675165
0,QuantileForest,60,71,raw_unscreened,32510,5.589447229703652,503.7722944487193,0.0019337574005612312
0,QuantileHGB,60,0,measured,32504,1.4571210568352415,4.358374440213432,0.969035189197864
0,QuantileHGB,60,0,supplier_interpolated,174,1.1245617188494839,1.50188657337658,-0.10916273072720584
0,QuantileHGB,60,0,raw_unscreened,32510,5.5595347704247065,503.7668991961811,0.0019551352756573825
0,IA-GTPF,60,11,measured,32504,1.3988611043001595,4.205292982098193,0.9711721754873978
0,IA-GTPF,60,11,supplier_interpolated,174,1.056369375844601,1.4308746229099172,-0.006755849116537593
0,IA-GTPF,60,11,raw_unscreened,32510,5.501306137352642,503.767327576027,0.0019534378934439323
0,IA-GTPF,60,23,measured,32504,1.3814487548766579,4.181633052391935,0.9714956466844885
0,IA-GTPF,60,23,supplier_interpolated,174,1.0537575073430716,1.4313103380478822,-0.007369076221952486
0,IA-GTPF,60,23,raw_unscreened,32510,5.483894735187886,503.7670257309838,0.0019546339031927262
0,IA-GTPF,60,37,measured,32504,1.4008135639025587,4.2242257470475035,0.970912018092014
0,IA-GTPF,60,37,supplier_interpolated,174,1.0579725008187715,1.4254591541291666,0.0008503205868601871
0,IA-GTPF,60,37,raw_unscreened,32510,5.503241551255087,503.7666725206834,0.0019560334381442113
0,IA-GTPF,60,53,measured,32504,1.3972321357040682,4.1992878000658385,0.9712544492928054
0,IA-GTPF,60,53,supplier_interpolated,174,1.0542557515465822,1.4317975582658395,-0.00805501288315802
0,IA-GTPF,60,53,raw_unscreened,32510,5.499676554094146,503.76704882898383,0.001954542381313429
0,IA-GTPF,60,71,measured,32504,1.3916408251559393,4.198107523027225,0.9712706058160606
0,IA-GTPF,60,71,supplier_interpolated,174,1.040208650787722,1.4132360333214977,0.017912003418308564
0,IA-GTPF,60,71,raw_unscreened,32510,5.494083442762909,503.7670382944544,0.0019545841225873106
0,GRU-lite,15,11,measured,32527,1.0588978753115583,2.599645106427932,0.9889774816827737
0,GRU-lite,15,11,supplier_interpolated,174,1.3259359353299982,1.6228527413848217,-0.29502820043731326
0,GRU-lite,15,11,raw_unscreened,32533,5.158692919633226,503.5901152082106,0.0019504245196861891
0,GRU-lite,15,23,measured,32527,1.1111698475793546,2.704221282511845,0.9880728370015124
0,GRU-lite,15,23,supplier_interpolated,174,1.4000214342248356,1.6866208545474997,-0.3988009887313262
0,GRU-lite,15,23,raw_unscreened,32533,5.211014406626134,503.59268356613563,0.0019402441964589956
0,GRU-lite,15,37,measured,32527,1.1012543456516177,2.741881924307894,0.9877383137683216
0,GRU-lite,15,37,supplier_interpolated,174,1.44641232546163,1.7144181210970413,-0.4452883290128353
0,GRU-lite,15,37,raw_unscreened,32533,5.201079666787869,503.59297082536034,0.001939105570093691
0,GRU-lite,15,53,measured,32527,1.062669275721405,2.655429921404226,0.9884993498933213
0,GRU-lite,15,53,supplier_interpolated,174,1.3743119752214772,1.6521780074021335,-0.3422538935940038
0,GRU-lite,15,53,raw_unscreened,32533,5.1624696486180754,503.5906466167901,0.0019483181543266115
0,GRU-lite,15,71,measured,32527,1.0829309235532008,2.7028283123071484,0.988085121427886
0,GRU-lite,15,71,supplier_interpolated,174,1.2581807581692614,1.541320494514211,-0.16817230293557728
0,GRU-lite,15,71,raw_unscreened,32533,5.1827405750346385,503.5912750362631,0.0019458272601551307
0,TCN-lite,15,11,measured,32527,1.257492792801538,2.9506364274321504,0.9858001387408362
0,TCN-lite,15,11,supplier_interpolated,174,1.4003975096487942,1.708899098478713,-0.4359980166284676
0,TCN-lite,15,11,raw_unscreened,32533,5.3573482194041055,503.5963977525309,0.0019255220062531775
0,TCN-lite,15,23,measured,32527,1.2909833458994504,3.0240798566492084,0.9850844520590665
0,TCN-lite,15,23,supplier_interpolated,174,1.5652399983569587,1.84299781588647,-0.670208308698589
0,TCN-lite,15,23,raw_unscreened,32533,5.390828373019573,503.5974944814125,0.001921174801615133
0,TCN-lite,15,37,measured,32527,1.1624655943716435,2.7432091145530593,0.9877264405153016
0,TCN-lite,15,37,supplier_interpolated,174,1.4361287232842324,1.7392725354465828,-0.48749761139704795
0,TCN-lite,15,37,raw_unscreened,32533,5.262273085362678,503.5922407602216,0.0019419993711567995
0,TCN-lite,15,53,measured,32527,1.1845891188424746,2.7874106865639514,0.9873277240037447
0,TCN-lite,15,53,supplier_interpolated,174,1.3168745714603742,1.649617446598706,-0.3380966424921861
0,TCN-lite,15,53,raw_unscreened,32533,5.2844040791276665,503.59186198688406,0.001943500735106407
0,TCN-lite,15,71,measured,32527,1.1789517200746829,2.808717113422301,0.9871332547493231
0,TCN-lite,15,71,supplier_interpolated,174,1.3832624396345636,1.7080069003646685,-0.43449896934796706
0,TCN-lite,15,71,raw_unscreened,32533,5.27876454715766,503.5913235881771,0.0019456348126483114
0,DLinear-lite,15,11,measured,32527,1.3193634363554194,3.003777018240782,0.9852840575074736
0,DLinear-lite,15,11,supplier_interpolated,174,1.8743715585976248,2.1205787685109843,-1.2112091178660913
0,DLinear-lite,15,11,raw_unscreened,32533,5.419122744309758,503.5922065919361,0.001942134805846929
0,DLinear-lite,15,23,measured,32527,1.2730429605290372,2.9790364792429096,0.9855254742153681
0,DLinear-lite,15,23,supplier_interpolated,174,1.9688058303360578,2.1725132806357483,-1.32084362165571
0,DLinear-lite,15,23,raw_unscreened,32533,5.372837774145204,503.5928642926767,0.0019395278400632376
0,DLinear-lite,15,37,measured,32527,1.3069144995462827,3.0381701956872904,0.984945133815454
0,DLinear-lite,15,37,supplier_interpolated,174,1.9208855244728564,2.124956018416304,-1.2203471934194567
0,DLinear-lite,15,37,raw_unscreened,32533,5.4067011532333416,503.593274061221,0.0019379036154875129
0,DLinear-lite,15,53,measured,32527,2.843334219515416,7.640217194819177,0.904794045556493
0,DLinear-lite,15,53,supplier_interpolated,174,2.502256309177488,2.6961934799712406,-2.5745642452687596
0,DLinear-lite,15,53,raw_unscreened,32533,6.942912939893646,503.64381720207206,0.0017375525497363986
0,DLinear-lite,15,71,measured,32527,1.306047941793362,2.987453009964244,0.9854435702941462
0,DLinear-lite,15,71,supplier_interpolated,174,1.8659874104931746,2.101484125742328,-1.1715669647121123
0,DLinear-lite,15,71,raw_unscreened,32533,5.4057852337262275,503.59046965003927,0.001949019604734592
0,PatchTST-lite,15,11,measured,32527,1.174353757829933,2.853368482754679,0.986720906728751
0,PatchTST-lite,15,11,supplier_interpolated,174,1.6611026284775725,1.9974922518558316,-0.9619647736116241
0,PatchTST-lite,15,11,raw_unscreened,32533,5.274244000956533,503.5973716286986,0.0019216617646312661
0,PatchTST-lite,15,23,measured,32527,1.2195085638846255,2.858457606077307,0.9866734966526484
0,PatchTST-lite,15,23,supplier_interpolated,174,1.600687477298097,1.9289997181111855,-0.8297229149222698
0,PatchTST-lite,15,23,raw_unscreened,32533,5.31937298153938,503.5969843432334,0.0019231968841800784
0,PatchTST-lite,15,37,measured,32527,1.2771647319163846,2.956768005105471,0.9857410613045741
0,PatchTST-lite,15,37,supplier_interpolated,174,1.8570569160421717,2.1373163206523573,-1.2462526520044097
0,PatchTST-lite,15,37,raw_unscreened,32533,5.376947868384645,503.5952106284378,0.0019302275079932096
0,PatchTST-lite,15,53,measured,32527,1.2749295424352383,2.998449630106502,0.9853362105237949
0,PatchTST-lite,15,53,supplier_interpolated,174,1.702378563214834,2.024325412687284,-1.015030633954781
0,PatchTST-lite,15,53,raw_unscreened,32533,5.374773279426666,503.5950354066507,0.0019309220481124045
0,PatchTST-lite,15,71,measured,32527,1.2727308206375132,2.9598254575533267,0.9857115570842723
0,PatchTST-lite,15,71,supplier_interpolated,174,1.7511389164759037,2.0656304605732987,-1.098100354819143
0,PatchTST-lite,15,71,raw_unscreened,32533,5.372582560425206,503.59879641748574,0.0019160141861619406
0,GraphTemporalMLP-lite,15,11,measured,32527,1.173508111615314,2.7901067827360952,0.9873031978740424
0,GraphTemporalMLP-lite,15,11,supplier_interpolated,174,1.6206874045036648,1.9207306625641447,-0.8140695675726337
0,GraphTemporalMLP-lite,15,11,raw_unscreened,32533,5.27334693119792,503.59659064237434,0.0019247574318139726
0,GraphTemporalMLP-lite,15,23,measured,32527,1.1947385492429734,2.8018454725778486,0.9871961357675147
0,GraphTemporalMLP-lite,15,23,supplier_interpolated,174,1.7560871240926936,2.018765001834954,-1.003976077181119
0,GraphTemporalMLP-lite,15,23,raw_unscreened,32533,5.294630106109788,503.59703655358175,0.0019229899332176004
0,GraphTemporalMLP-lite,15,37,measured,32527,1.2511726620996129,2.9079065527135493,0.9862084336279535
0,GraphTemporalMLP-lite,15,37,supplier_interpolated,174,1.6484698938089088,1.9221144585127972,-0.8166844124796557
0,GraphTemporalMLP-lite,15,37,raw_unscreened,32533,5.351020196053076,503.5964969199152,0.0019251289278058303
0,GraphTemporalMLP-lite,15,53,measured,32527,1.1675000024930458,2.740728146065282,0.9877486309815438
0,GraphTemporalMLP-lite,15,53,supplier_interpolated,174,1.6970578310241784,1.9860482223911216,-0.939548201598843
0,GraphTemporalMLP-lite,15,53,raw_unscreened,32533,5.267357865659928,503.5931311920774,0.0019384699147773077
0,GraphTemporalMLP-lite,15,71,measured,32527,1.1975427540913706,2.8147700214184805,0.9870777381979694
0,GraphTemporalMLP-lite,15,71,supplier_interpolated,174,1.7268986148476964,1.9758744426878085,-0.9197279427385325
0,GraphTemporalMLP-lite,15,71,raw_unscreened,32533,5.297407722441547,503.5954826002403,0.0019291494718935986
0,STGCN,15,11,measured,32527,1.2224417695540593,3.0048603575500987,0.9852734407181735
0,STGCN,15,11,supplier_interpolated,174,0.9544769463208959,1.300699599905235,0.1680925529112537
0,STGCN,15,11,raw_unscreened,32533,5.3220111519997815,503.58418032208334,0.0019739487132608424
0,STGCN,15,23,measured,32527,1.2623951453142797,3.183979836370086,0.983465414236586
0,STGCN,15,23,supplier_interpolated,174,1.0767454151173714,1.4171893095362071,0.012409885897288975
0,STGCN,15,23,raw_unscreened,32533,5.361919716352145,503.5815660261726,0.001984310947636625
0,STGCN,15,37,measured,32527,1.3585921974487065,3.306864548811025,0.9821644907440548
0,STGCN,15,37,supplier_interpolated,174,1.3485888409503233,1.6502788305953058,-0.33916982842206167
0,STGCN,15,37,raw_unscreened,32533,5.458226943544958,503.58953324715986,0.0019527312593399238
0,STGCN,15,53,measured,32527,1.3959308194167332,3.5164666378947333,0.9798318666359671
0,STGCN,15,53,supplier_interpolated,174,1.1198381147630567,1.4332664506477493,-0.01012441698821176
0,STGCN,15,53,raw_unscreened,32533,5.49550817697679,503.5890180834801,0.0019547732296615328
0,STGCN,15,71,measured,32527,1.338740169913977,3.2498688877826902,0.9827740024127938
0,STGCN,15,71,supplier_interpolated,174,1.0665590863281977,1.3974458224612651,0.039735313244408044
0,STGCN,15,71,raw_unscreened,32533,5.438260045803467,503.5847269719518,0.0019717819609001985
0,GRU-lite,60,11,measured,32504,1.5176150757520095,4.326266222230434,0.9694897452131139
0,GRU-lite,60,11,supplier_interpolated,174,1.6183013670881923,1.954121175977387,-0.8776903779584604
0,GRU-lite,60,11,raw_unscreened,32510,5.620281879491505,503.7801446585503,0.0019026517182438862
0,GRU-lite,60,23,measured,32504,1.5330576165378083,4.319508390028108,0.9695849876867768
0,GRU-lite,60,23,supplier_interpolated,174,1.6430456818381844,1.9805763136162364,-0.9288753384428285
0,GRU-lite,60,23,raw_unscreened,32510,5.635731472707574,503.7803730905761,0.0019017465716106852
0,GRU-lite,60,37,measured,32504,1.5944575550330218,4.37547220651643,0.9687917646950513
0,GRU-lite,60,37,supplier_interpolated,174,1.658582711332013,2.0077784209697853,-0.982223238341341
0,GRU-lite,60,37,raw_unscreened,32510,5.697139931648838,503.7824307074387,0.0018935933838308827
0,GRU-lite,60,53,measured,32504,1.6129716118821604,4.461384484117406,0.9675541872164288
0,GRU-lite,60,53,supplier_interpolated,174,1.6602227348484193,1.9596566632375352,-0.8883434048702563
0,GRU-lite,60,53,raw_unscreened,32510,5.715634326232925,503.7820833375547,0.001894969819236425
0,GRU-lite,60,71,measured,32504,1.5324389854459284,4.338313984195771,0.9693195790300686
0,GRU-lite,60,71,supplier_interpolated,174,1.5915234974662749,1.9431098820205435,-0.8565887719343648
0,GRU-lite,60,71,raw_unscreened,32510,5.635146255641186,503.78254310142876,0.0018931480281885182
0,TCN-lite,60,11,measured,32504,1.6930762469654603,4.5158704049515235,0.9667568405110848
0,TCN-lite,60,11,supplier_interpolated,174,1.5732454358268981,1.9253821566991831,-0.8228665858809121
0,TCN-lite,60,11,raw_unscreened,32510,5.795735722612152,503.78328678323203,0.001890201223216481
0,TCN-lite,60,23,measured,32504,1.7591665050665213,4.660624097350474,0.9645915019393128
0,TCN-lite,60,23,supplier_interpolated,174,1.8560445779437251,2.159882071085417,-1.2939348409110223
0,TCN-lite,60,23,raw_unscreened,32510,5.861827425029985,503.78455757915924,0.001885165742682382
0,TCN-lite,60,37,measured,32504,1.758360521287854,4.713003439390525,0.9637911387902178
0,TCN-lite,60,37,supplier_interpolated,174,1.9765958757343887,2.2342446007174863,-1.4546096254199417
0,TCN-lite,60,37,raw_unscreened,32510,5.860983085259023,503.7822284412152,0.001894394853515724
0,TCN-lite,60,53,measured,32504,1.6104513429341203,4.442120188132511,0.967833784846605
0,TCN-lite,60,53,supplier_interpolated,174,1.6450655804720378,1.9881883390643682,-0.9437304725326119
0,TCN-lite,60,53,raw_unscreened,32510,5.713081419212538,503.78033882666426,0.0019018823400973606
0,TCN-lite,60,71,measured,32504,1.7675346954707698,4.6380107865733935,0.9649342718563633
0,TCN-lite,60,71,supplier_interpolated,174,1.431316568278597,1.8891815879796376,-0.7549647887219151
0,TCN-lite,60,71,raw_unscreened,32510,5.870094477151604,503.7819146758402,0.0018956381323147475
0,DLinear-lite,60,11,measured,32504,1.721010554551403,4.591869461960065,0.965628505213481
0,DLinear-lite,60,11,supplier_interpolated,174,1.9813488344294747,2.2666442810179506,-1.5263163713890258
0,DLinear-lite,60,11,raw_unscreened,32510,5.823579199868948,503.7777004990679,0.001912336511128987
0,DLinear-lite,60,23,measured,32504,1.6781346590245076,4.611237931761662,0.9653379362972224
0,DLinear-lite,60,23,supplier_interpolated,174,2.0208946335231555,2.257415198070763,-1.5057854777048614
0,DLinear-lite,60,23,raw_unscreened,32510,5.780632037455344,503.7751053673359,0.0019226194684447417
0,DLinear-lite,60,37,measured,32504,1.6866977587349319,4.644173834492458,0.9648410183652216
0,DLinear-lite,60,37,supplier_interpolated,174,1.9850933345211768,2.2252404838895004,-1.4348650938048246
0,DLinear-lite,60,37,raw_unscreened,32510,5.7891820962564795,503.7752342272127,0.0019221088749543647
0,DLinear-lite,60,53,measured,32504,3.1253443286796956,8.578485426941146,0.8800388588291351
0,DLinear-lite,60,53,supplier_interpolated,174,2.5063231099800802,2.721048454518384,-2.6407725629940066
0,DLinear-lite,60,53,raw_unscreened,32510,7.227706662142286,503.8329024691372,0.0016935915214438824
0,DLinear-lite,60,71,measured,32504,1.7093191330031654,4.59490910343372,0.9655829849295005
0,DLinear-lite,60,71,supplier_interpolated,174,1.936554217954961,2.209091594703338,-1.3996529986643118
0,DLinear-lite,60,71,raw_unscreened,32510,5.811854320293884,503.77613025029865,0.0019185584756231666
0,PatchTST-lite,60,11,measured,32504,1.6852293532900342,4.515095174311739,0.9667682531077494
0,PatchTST-lite,60,11,supplier_interpolated,174,1.9784225503053572,2.2848526365559216,-1.567068094476539
0,PatchTST-lite,60,11,raw_unscreened,32510,5.787992613059731,503.78887558947133,0.0018680556961263584
0,PatchTST-lite,60,23,measured,32504,1.641804959396566,4.3867053588968306,0.9686313171586972
0,PatchTST-lite,60,23,supplier_interpolated,174,1.919410507588394,2.24845678119652,-1.4859368212318165
0,PatchTST-lite,60,23,raw_unscreened,32510,5.744524326890011,503.7830796645486,0.0018910219219190338
0,PatchTST-lite,60,37,measured,32504,1.6903191003323694,4.452092671131781,0.9676891975371158
0,PatchTST-lite,60,37,supplier_interpolated,174,2.082773307293154,2.4358240795830683,-1.9175132532315473
0,PatchTST-lite,60,37,raw_unscreened,32510,5.793103128432603,503.7889863847395,0.001867616669724792
0,PatchTST-lite,60,53,measured,32504,1.6857075990726367,4.412775425792928,0.9682573628464352
0,PatchTST-lite,60,53,supplier_interpolated,174,1.8502430523728655,2.224222138753541,-1.4326370508728816
0,PatchTST-lite,60,53,raw_unscreened,32510,5.78849794156338,503.78745109193903,0.0018737002609442444
0,PatchTST-lite,60,71,measured,32504,1.6457443789546966,4.513033630059684,0.9667985927014778
0,PatchTST-lite,60,71,supplier_interpolated,174,1.7770390917979255,2.1455827848495335,-1.263661844664464
0,PatchTST-lite,60,71,raw_unscreened,32510,5.74847789827764,503.7867668006904,0.0018764117561456128
0,GraphTemporalMLP-lite,60,11,measured,32504,1.63641167760483,4.402424238224868,0.9684061076096225
0,GraphTemporalMLP-lite,60,11,supplier_interpolated,174,1.8941269318151088,2.2064947139239917,-1.3940145271750906
0,GraphTemporalMLP-lite,60,11,raw_unscreened,32510,5.739054940654885,503.78127519047143,0.0018981720570635519
0,GraphTemporalMLP-lite,60,23,measured,32504,1.715464731204564,4.487197155975741,0.9671776512049548
0,GraphTemporalMLP-lite,60,23,supplier_interpolated,174,1.9366447641299727,2.2772786566327876,-1.5500773296813568
0,GraphTemporalMLP-lite,60,23,raw_unscreened,32510,5.818123720512161,503.7822468550955,0.0018943218894593716
0,GraphTemporalMLP-lite,60,37,measured,32504,1.627642590710634,4.394028169040662,0.9685265010759465
0,GraphTemporalMLP-lite,60,37,supplier_interpolated,174,1.7976802169479882,2.1151143769147875,-1.199827937562068
0,GraphTemporalMLP-lite,60,37,raw_unscreened,32510,5.730280312985863,503.78033324198,0.0019019044690389286
0,GraphTemporalMLP-lite,60,53,measured,32504,1.6349727946938721,4.376352492804025,0.9687792060756295
0,GraphTemporalMLP-lite,60,53,supplier_interpolated,174,1.901648581989749,2.218248955975633,-1.4195888265714034
0,GraphTemporalMLP-lite,60,53,raw_unscreened,32510,5.737601922555949,503.7797328718608,0.0019042833944392656
0,GraphTemporalMLP-lite,60,71,measured,32504,1.671623225154268,4.443341058442725,0.9678161013207252
0,GraphTemporalMLP-lite,60,71,supplier_interpolated,174,1.9173659539851595,2.2160791089197343,-1.414857554287925
0,GraphTemporalMLP-lite,60,71,raw_unscreened,32510,5.774217820114525,503.7789406746443,0.001907422417211535
0,STGCN,60,11,measured,32504,1.8526736098796304,5.010524293555613,0.9590752818465763
0,STGCN,60,11,supplier_interpolated,174,1.1822690882024822,1.593014991347087,-0.24784523331565267
0,STGCN,60,11,raw_unscreened,32510,5.9551415814173705,503.7772298912838,0.001914201252676162
0,STGCN,60,23,measured,32504,1.8951345916131332,5.060473372331836,0.9582552715022854
0,STGCN,60,23,supplier_interpolated,174,1.5486999187276775,1.9470893946811094,-0.8642011918750883
0,STGCN,60,23,raw_unscreened,32510,5.997673636219976,503.7807755515199,0.0019001518460239897
0,STGCN,60,37,measured,32504,1.7127274178431433,4.528866232262523,0.9665652300524932
0,STGCN,60,37,supplier_interpolated,174,1.5451881170819193,1.9440286555970485,-0.8583449134687615
0,STGCN,60,37,raw_unscreened,32510,5.81516655565497,503.77475959554346,0.0019239895515743566
0,STGCN,60,53,measured,32504,1.8399122350361257,4.919871944702223,0.9605427375215071
0,STGCN,60,53,supplier_interpolated,174,1.740444507398641,2.0635531739637054,-1.0938825972085522
0,STGCN,60,53,raw_unscreened,32510,5.942438859333843,503.7827346854689,0.0018923888856491322
0,STGCN,60,71,measured,32504,1.9640294017800355,5.053240660261059,0.9583745140369557
0,STGCN,60,71,supplier_interpolated,174,1.6531999340878356,2.0775944482734885,-1.1224748407826897
0,STGCN,60,71,raw_unscreened,32510,6.066464737647911,503.77568625450516,0.0019203177640837454
