model,horizon_minutes,seed,benchmark_partition,reference,n,MAE,RMSE,R2
HGB,15,0,full_test,measured,32527,1.0560068629887256,2.6491040378296207,0.9885540793491896
HGB,15,0,full_test,supplier_interpolated,174,0.9069365179226119,1.1898350516398717,0.3038633222903432
HGB,15,0,full_test,raw_unscreened,32533,5.155702399948409,503.584267898128,0.0019736015888471847
HGB,15,0,full_test,measured_endpoint_age_le_60s,27635,1.1881370837541247,2.862165559124026,0.9882704806869227
Persistence,15,0,full_test,measured,32527,1.033784417723947,2.6691473160108727,0.9883802230963178
Persistence,15,0,full_test,supplier_interpolated,174,0.8375704474744501,1.1427035108385293,0.3579215083706233
Persistence,15,0,full_test,raw_unscreened,32533,5.13332985252065,503.58092456042175,0.0019868535048657154
Persistence,15,0,full_test,measured_endpoint_age_le_60s,27635,1.1572134494416269,2.881873698343915,0.9881083916161133
QuantileHGB,15,0,full_test,measured,32527,1.0311920852355387,2.6734006575300726,0.9883431608798995
QuantileHGB,15,0,full_test,supplier_interpolated,174,0.9745756387150248,1.1984653966470633,0.29372798709270276
QuantileHGB,15,0,full_test,raw_unscreened,32533,5.130917997427241,503.58460498034333,0.001972265498411785
QuantileHGB,15,0,full_test,measured_endpoint_age_le_60s,27635,1.1554517446690709,2.886527630913609,0.9880699531307325
Ridge,15,0,full_test,measured,32527,1.0878715434685433,2.571565907495969,0.9892143078437806
Ridge,15,0,full_test,supplier_interpolated,174,1.2711690087153642,1.5304605802804414,-0.15176876019516472
Ridge,15,0,full_test,raw_unscreened,32533,5.1875173502531,503.5835407579309,0.0019764837463505103
Ridge,15,0,full_test,measured_endpoint_age_le_60s,27635,1.2019496176871343,2.7744832251240723,0.9889781392862186
Seasonal Persistence,15,0,full_test,measured,32527,2.6343254197118164,9.517885045090804,0.8522479170965701
Seasonal Persistence,15,0,full_test,supplier_interpolated,174,0.9633542414599802,1.325195614871209,0.1364629434806961
Seasonal Persistence,15,0,full_test,raw_unscreened,32533,6.733619545376108,503.66456871021643,0.0016552885474089285
Seasonal Persistence,15,0,full_test,measured_endpoint_age_le_60s,27635,3.0259778125669756,10.320443138188292,0.8474938342043258
Conformalized ExtraTrees,15,11,full_test,measured,32527,0.9909596373836197,2.529845466250073,0.9895614376778403
Conformalized ExtraTrees,15,11,full_test,supplier_interpolated,174,0.9836852463238794,1.2791272411766283,0.19545841848318268
Conformalized ExtraTrees,15,11,full_test,raw_unscreened,32533,5.090667112139655,503.5832563930504,0.001977610879129177
Conformalized ExtraTrees,15,11,full_test,measured_endpoint_age_le_60s,27635,1.112875564506984,2.732534887876729,0.9893089061287282
DLinear-lite,15,11,full_test,measured,32527,1.3193634363554194,3.003777018240782,0.9852840575074736
DLinear-lite,15,11,full_test,supplier_interpolated,174,1.8743715585976248,2.1205787685109843,-1.2112091178660913
DLinear-lite,15,11,full_test,raw_unscreened,32533,5.419122744309758,503.5922065919361,0.001942134805846929
DLinear-lite,15,11,full_test,measured_endpoint_age_le_60s,27635,1.4725728987434037,3.2344868324158265,0.9850203561923201
ExtraTrees,15,11,full_test,measured,32527,0.9909596373836197,2.529845466250073,0.9895614376778403
ExtraTrees,15,11,full_test,supplier_interpolated,174,0.9836852463238794,1.2791272411766283,0.19545841848318268
ExtraTrees,15,11,full_test,raw_unscreened,32533,5.090667112139655,503.5832563930504,0.001977610879129177
ExtraTrees,15,11,full_test,measured_endpoint_age_le_60s,27635,1.112875564506984,2.732534887876729,0.9893089061287282
GRU-lite,15,11,full_test,measured,32527,1.0588978753115583,2.599645106427932,0.9889774816827737
GRU-lite,15,11,full_test,supplier_interpolated,174,1.3259359353299982,1.6228527413848217,-0.29502820043731326
GRU-lite,15,11,full_test,raw_unscreened,32533,5.158692919633226,503.5901152082106,0.0019504245196861891
GRU-lite,15,11,full_test,measured_endpoint_age_le_60s,27635,1.1801009090155339,2.801096736135921,0.9887656764702467
GraphTemporalMLP-lite,15,11,full_test,measured,32527,1.173508111615314,2.7901067827360952,0.9873031978740424
GraphTemporalMLP-lite,15,11,full_test,supplier_interpolated,174,1.6206874045036648,1.9207306625641447,-0.8140695675726337
GraphTemporalMLP-lite,15,11,full_test,raw_unscreened,32533,5.27334693119792,503.59659064237434,0.0019247574318139726
GraphTemporalMLP-lite,15,11,full_test,measured_endpoint_age_le_60s,27635,1.2996366595778333,2.9994058412271167,0.9871186560242258
IA-GTPF,15,11,full_test,measured,32527,0.9853983373877563,2.542919938850716,0.9894532639841607
IA-GTPF,15,11,full_test,supplier_interpolated,174,1.0420300352607126,1.3293506731007438,0.1310393339429341
IA-GTPF,15,11,full_test,raw_unscreened,32533,5.085145554253616,503.5854466368658,0.0019689294263952606
IA-GTPF,15,11,full_test,measured_endpoint_age_le_60s,27635,1.1052137995957543,2.7460804037317037,0.9892026492471736
Lag-Llama zero-shot,15,11,foundation_subset,measured,1024,1.2209942414271457,4.5280233849388285,0.9691865190918636
Lag-Llama zero-shot,15,11,foundation_subset,supplier_interpolated,0,,,
PatchTST-lite,15,11,full_test,measured,32527,1.174353757829933,2.853368482754679,0.986720906728751
PatchTST-lite,15,11,full_test,supplier_interpolated,174,1.6611026284775725,1.9974922518558316,-0.9619647736116241
PatchTST-lite,15,11,full_test,raw_unscreened,32533,5.274244000956533,503.5973716286986,0.0019216617646312661
PatchTST-lite,15,11,full_test,measured_endpoint_age_le_60s,27635,1.2995227803723985,3.067883336759947,0.9865237706731277
QuantileForest,15,11,full_test,measured,32527,0.9816412668589771,2.5587950584424397,0.9893211691296954
QuantileForest,15,11,full_test,supplier_interpolated,174,1.2848924007020508,1.6129410593075653,-0.27925756470047447
QuantileForest,15,11,full_test,raw_unscreened,32533,5.0814675828634766,503.58621453029093,0.001965885724133365
QuantileForest,15,11,full_test,measured_endpoint_age_le_60s,27635,1.097249211044851,2.761362124099637,0.9890821420642799
RandomForest,15,11,full_test,measured,32527,1.0418672245025205,2.5945580416536105,0.9890205778750648
RandomForest,15,11,full_test,supplier_interpolated,174,1.4141484454347404,1.7413113148372037,-0.4909869517607999
RandomForest,15,11,full_test,raw_unscreened,32533,5.141727629289751,503.58661892910317,0.001964282805067108
RandomForest,15,11,full_test,measured_endpoint_age_le_60s,27635,1.1662951861759332,2.7997814749815966,0.9887762241961251
STGCN,15,11,full_test,measured,32527,1.2224417695540593,3.0048603575500987,0.9852734407181735
STGCN,15,11,full_test,supplier_interpolated,174,0.9544769463208959,1.300699599905235,0.1680925529112537
STGCN,15,11,full_test,raw_unscreened,32533,5.3220111519997815,503.58418032208334,0.0019739487132608424
STGCN,15,11,full_test,measured_endpoint_age_le_60s,27635,1.3675619703003072,3.2409490678530832,0.9849604402358015
TCN-lite,15,11,full_test,measured,32527,1.257492792801538,2.9506364274321504,0.9858001387408362
TCN-lite,15,11,full_test,supplier_interpolated,174,1.4003975096487942,1.708899098478713,-0.4359980166284676
TCN-lite,15,11,full_test,raw_unscreened,32533,5.3573482194041055,503.5963977525309,0.0019255220062531775
TCN-lite,15,11,full_test,measured_endpoint_age_le_60s,27635,1.3989735986272778,3.174676042002813,0.9855692288058147
Conformalized ExtraTrees,15,23,full_test,measured,32527,1.0072484900467806,2.5486775206059686,0.9894054508870486
Conformalized ExtraTrees,15,23,full_test,supplier_interpolated,174,1.0038819259293155,1.2998235863815142,0.16921274509962647
Conformalized ExtraTrees,15,23,full_test,raw_unscreened,32533,5.10695214776512,503.58343346894,0.0019769090061769745
Conformalized ExtraTrees,15,23,full_test,measured_endpoint_age_le_60s,27635,1.1314835433801813,2.7527911138465604,0.9891498129027005
DLinear-lite,15,23,full_test,measured,32527,1.2730429605290372,2.9790364792429096,0.9855254742153681
DLinear-lite,15,23,full_test,supplier_interpolated,174,1.9688058303360578,2.1725132806357483,-1.32084362165571
DLinear-lite,15,23,full_test,raw_unscreened,32533,5.372837774145204,503.5928642926767,0.0019395278400632376
DLinear-lite,15,23,full_test,measured_endpoint_age_le_60s,27635,1.4231732437719258,3.211516434600666,0.985232362972172
ExtraTrees,15,23,full_test,measured,32527,1.0072484900467806,2.5486775206059686,0.9894054508870486
ExtraTrees,15,23,full_test,supplier_interpolated,174,1.0038819259293155,1.2998235863815142,0.16921274509962647
ExtraTrees,15,23,full_test,raw_unscreened,32533,5.10695214776512,503.58343346894,0.0019769090061769745
ExtraTrees,15,23,full_test,measured_endpoint_age_le_60s,27635,1.1314835433801813,2.7527911138465604,0.9891498129027005
GRU-lite,15,23,full_test,measured,32527,1.1111698475793546,2.704221282511845,0.9880728370015124
GRU-lite,15,23,full_test,supplier_interpolated,174,1.4000214342248356,1.6866208545474997,-0.3988009887313262
GRU-lite,15,23,full_test,raw_unscreened,32533,5.211014406626134,503.59268356613563,0.0019402441964589956
GRU-lite,15,23,full_test,measured_endpoint_age_le_60s,27635,1.2382470946113944,2.9133710668275064,0.987847033033473
GraphTemporalMLP-lite,15,23,full_test,measured,32527,1.1947385492429734,2.8018454725778486,0.9871961357675147
GraphTemporalMLP-lite,15,23,full_test,supplier_interpolated,174,1.7560871240926936,2.018765001834954,-1.003976077181119
GraphTemporalMLP-lite,15,23,full_test,raw_unscreened,32533,5.294630106109788,503.59703655358175,0.0019229899332176004
GraphTemporalMLP-lite,15,23,full_test,measured_endpoint_age_le_60s,27635,1.3215366104663044,3.0104606551422384,0.9870235283293933
IA-GTPF,15,23,full_test,measured,32527,0.9776978284454004,2.534843369052315,0.9895201525840313
IA-GTPF,15,23,full_test,supplier_interpolated,174,1.0502284871735639,1.337424675208499,0.12045176408108571
IA-GTPF,15,23,full_test,raw_unscreened,32533,5.0774534222045755,503.5855510234017,0.0019685156693350914
IA-GTPF,15,23,full_test,measured_endpoint_age_le_60s,27635,1.0958970001572426,2.737141669571295,0.9892728275027229
Lag-Llama zero-shot,15,23,foundation_subset,measured,1024,1.258507039251774,4.991589872486105,0.9625543624183205
Lag-Llama zero-shot,15,23,foundation_subset,supplier_interpolated,0,,,
PatchTST-lite,15,23,full_test,measured,32527,1.2195085638846255,2.858457606077307,0.9866734966526484
PatchTST-lite,15,23,full_test,supplier_interpolated,174,1.600687477298097,1.9289997181111855,-0.8297229149222698
PatchTST-lite,15,23,full_test,raw_unscreened,32533,5.31937298153938,503.5969843432334,0.0019231968841800784
PatchTST-lite,15,23,full_test,measured_endpoint_age_le_60s,27635,1.3498168942835287,3.0717885880752807,0.9864894397987903
QuantileForest,15,23,full_test,measured,32527,0.9653955429771288,2.5443553586503476,0.989441353843952
QuantileForest,15,23,full_test,supplier_interpolated,174,1.207266266540892,1.5245336624214605,-0.14286526962099821
QuantileForest,15,23,full_test,raw_unscreened,32533,5.065178107533996,503.5851119075364,0.0019702561929338946
QuantileForest,15,23,full_test,measured_endpoint_age_le_60s,27635,1.079354712926528,2.7464675524520317,0.9891996045619655
RandomForest,15,23,full_test,measured,32527,1.0183542108620345,2.5581440578673167,0.9893266021874714
RandomForest,15,23,full_test,supplier_interpolated,174,1.3819240233394088,1.7073219014705414,-0.4333485838726938
RandomForest,15,23,full_test,raw_unscreened,32533,5.1182074809470395,503.5859948209364,0.001966756587461038
RandomForest,15,23,full_test,measured_endpoint_age_le_60s,27635,1.1392070027284362,2.7604024024673306,0.9890897298293876
STGCN,15,23,full_test,measured,32527,1.2623951453142797,3.183979836370086,0.983465414236586
STGCN,15,23,full_test,supplier_interpolated,174,1.0767454151173714,1.4171893095362071,0.012409885897288975
STGCN,15,23,full_test,raw_unscreened,32533,5.361919716352145,503.5815660261726,0.001984310947636625
STGCN,15,23,full_test,measured_endpoint_age_le_60s,27635,1.4156948910569616,3.4370079326654808,0.9830857875701461
TCN-lite,15,23,full_test,measured,32527,1.2909833458994504,3.0240798566492084,0.9850844520590665
TCN-lite,15,23,full_test,supplier_interpolated,174,1.5652399983569587,1.84299781588647,-0.670208308698589
TCN-lite,15,23,full_test,raw_unscreened,32533,5.390828373019573,503.5974944814125,0.001921174801615133
TCN-lite,15,23,full_test,measured_endpoint_age_le_60s,27635,1.4373427422087852,3.2550133832638393,0.9848296266606811
Conformalized ExtraTrees,15,37,full_test,measured,32527,1.0436089637013868,2.6170145476791733,0.988829696445556
Conformalized ExtraTrees,15,37,full_test,supplier_interpolated,174,0.9937359327830022,1.289036534291298,0.1829446997422156
Conformalized ExtraTrees,15,37,full_test,raw_unscreened,32533,5.143299563615252,503.58342131733053,0.0019769571713305067
Conformalized ExtraTrees,15,37,full_test,measured_endpoint_age_le_60s,27635,1.174733166731527,2.8275432291295988,0.9885525377905694
DLinear-lite,15,37,full_test,measured,32527,1.3069144995462827,3.0381701956872904,0.984945133815454
DLinear-lite,15,37,full_test,supplier_interpolated,174,1.9208855244728564,2.124956018416304,-1.2203471934194567
DLinear-lite,15,37,full_test,raw_unscreened,32533,5.4067011532333416,503.593274061221,0.0019379036154875129
DLinear-lite,15,37,full_test,measured_endpoint_age_le_60s,27635,1.4631295716967885,3.2760728907910077,0.9846326910094578
ExtraTrees,15,37,full_test,measured,32527,1.0436089637013868,2.6170145476791733,0.988829696445556
ExtraTrees,15,37,full_test,supplier_interpolated,174,0.9937359327830022,1.289036534291298,0.1829446997422156
ExtraTrees,15,37,full_test,raw_unscreened,32533,5.143299563615252,503.58342131733053,0.0019769571713305067
ExtraTrees,15,37,full_test,measured_endpoint_age_le_60s,27635,1.174733166731527,2.8275432291295988,0.9885525377905694
GRU-lite,15,37,full_test,measured,32527,1.1012543456516177,2.741881924307894,0.9877383137683216
GRU-lite,15,37,full_test,supplier_interpolated,174,1.44641232546163,1.7144181210970413,-0.4452883290128353
GRU-lite,15,37,full_test,raw_unscreened,32533,5.201079666787869,503.59297082536034,0.001939105570093691
GRU-lite,15,37,full_test,measured_endpoint_age_le_60s,27635,1.2270825277899564,2.955030552561086,0.987496987577401
GraphTemporalMLP-lite,15,37,full_test,measured,32527,1.2511726620996129,2.9079065527135493,0.9862084336279535
GraphTemporalMLP-lite,15,37,full_test,supplier_interpolated,174,1.6484698938089088,1.9221144585127972,-0.8166844124796557
GraphTemporalMLP-lite,15,37,full_test,raw_unscreened,32533,5.351020196053076,503.5964969199152,0.0019251289278058303
GraphTemporalMLP-lite,15,37,full_test,measured_endpoint_age_le_60s,27635,1.388809185285616,3.1267815631062637,0.9860013615572815
IA-GTPF,15,37,full_test,measured,32527,0.9854679838597761,2.544509233421538,0.9894400766965721
IA-GTPF,15,37,full_test,supplier_interpolated,174,0.9975504459724077,1.2838162413216125,0.18954906084969092
IA-GTPF,15,37,full_test,raw_unscreened,32533,5.0852021525201545,503.5851176187684,0.0019702335553327677
IA-GTPF,15,37,full_test,measured_endpoint_age_le_60s,27635,1.1057208997922363,2.7480211968680797,0.9891873817922733
Lag-Llama zero-shot,15,37,foundation_subset,measured,1024,1.2358427152796172,4.609586770798279,0.9680664332407269
Lag-Llama zero-shot,15,37,foundation_subset,supplier_interpolated,0,,,
PatchTST-lite,15,37,full_test,measured,32527,1.2771647319163846,2.956768005105471,0.9857410613045741
PatchTST-lite,15,37,full_test,supplier_interpolated,174,1.8570569160421717,2.1373163206523573,-1.2462526520044097
PatchTST-lite,15,37,full_test,raw_unscreened,32533,5.376947868384645,503.5952106284378,0.0019302275079932096
PatchTST-lite,15,37,full_test,measured_endpoint_age_le_60s,27635,1.4165139953333117,3.1784436401345424,0.9855349565791549
QuantileForest,15,37,full_test,measured,32527,0.9655652208234126,2.5410474614913756,0.9894687904293284
QuantileForest,15,37,full_test,supplier_interpolated,174,1.1082095173567843,1.420655531676776,0.007572997827578476
QuantileForest,15,37,full_test,raw_unscreened,32533,5.065327420488684,503.5847601694791,0.0019716503760114357
QuantileForest,15,37,full_test,measured_endpoint_age_le_60s,27635,1.0804306422673824,2.7433154374954083,0.9892243815172248
RandomForest,15,37,full_test,measured,32527,1.0128191351618805,2.551754950171453,0.9893798504237249
RandomForest,15,37,full_test,supplier_interpolated,174,1.3524484214929184,1.6732054448502225,-0.3766373141880055
RandomForest,15,37,full_test,raw_unscreened,32533,5.11266572490657,503.58599098481704,0.0019667717927076556
RandomForest,15,37,full_test,measured_endpoint_age_le_60s,27635,1.1329936145975954,2.753649182090525,0.9891430476585259
STGCN,15,37,full_test,measured,32527,1.3585921974487065,3.306864548811025,0.9821644907440548
STGCN,15,37,full_test,supplier_interpolated,174,1.3485888409503233,1.6502788305953058,-0.33916982842206167
STGCN,15,37,full_test,raw_unscreened,32533,5.458226943544958,503.58953324715986,0.0019527312593399238
STGCN,15,37,full_test,measured_endpoint_age_le_60s,27635,1.525691259899358,3.569638380526294,0.9817551979131452
TCN-lite,15,37,full_test,measured,32527,1.1624655943716435,2.7432091145530593,0.9877264405153016
TCN-lite,15,37,full_test,supplier_interpolated,174,1.4361287232842324,1.7392725354465828,-0.48749761139704795
TCN-lite,15,37,full_test,raw_unscreened,32533,5.262273085362678,503.5922407602216,0.0019419993711567995
TCN-lite,15,37,full_test,measured_endpoint_age_le_60s,27635,1.2878998641560488,2.9491405389764336,0.9875467803078658
Conformalized ExtraTrees,15,53,full_test,measured,32527,0.989117742554796,2.556086850657097,0.9893437619420421
Conformalized ExtraTrees,15,53,full_test,supplier_interpolated,174,0.9578479911592674,1.2529117738328703,0.2280983317666997
Conformalized ExtraTrees,15,53,full_test,raw_unscreened,32533,5.08881785635779,503.583296271948,0.001977452811784186
Conformalized ExtraTrees,15,53,full_test,measured_endpoint_age_le_60s,27635,1.1103959134642691,2.76102899826407,0.989084776127472
DLinear-lite,15,53,full_test,measured,32527,2.843334219515416,7.640217194819177,0.904794045556493
DLinear-lite,15,53,full_test,supplier_interpolated,174,2.502256309177488,2.6961934799712406,-2.5745642452687596
DLinear-lite,15,53,full_test,raw_unscreened,32533,6.942912939893646,503.64381720207206,0.0017375525497363986
DLinear-lite,15,53,full_test,measured_endpoint_age_le_60s,27635,3.252219674185432,8.277080907262707,0.9019053973174139
ExtraTrees,15,53,full_test,measured,32527,0.989117742554796,2.556086850657097,0.9893437619420421
ExtraTrees,15,53,full_test,supplier_interpolated,174,0.9578479911592674,1.2529117738328703,0.2280983317666997
ExtraTrees,15,53,full_test,raw_unscreened,32533,5.08881785635779,503.583296271948,0.001977452811784186
ExtraTrees,15,53,full_test,measured_endpoint_age_le_60s,27635,1.1103959134642691,2.76102899826407,0.989084776127472
GRU-lite,15,53,full_test,measured,32527,1.062669275721405,2.655429921404226,0.9884993498933213
GRU-lite,15,53,full_test,supplier_interpolated,174,1.3743119752214772,1.6521780074021335,-0.3422538935940038
GRU-lite,15,53,full_test,raw_unscreened,32533,5.1624696486180754,503.5906466167901,0.0019483181543266115
GRU-lite,15,53,full_test,measured_endpoint_age_le_60s,27635,1.1848677910622514,2.862356897414468,0.9882689123770932
GraphTemporalMLP-lite,15,53,full_test,measured,32527,1.1675000024930458,2.740728146065282,0.9877486309815438
GraphTemporalMLP-lite,15,53,full_test,supplier_interpolated,174,1.6970578310241784,1.9860482223911216,-0.939548201598843
GraphTemporalMLP-lite,15,53,full_test,raw_unscreened,32533,5.267357865659928,503.5931311920774,0.0019384699147773077
GraphTemporalMLP-lite,15,53,full_test,measured_endpoint_age_le_60s,27635,1.292511694347169,2.9455493635397074,0.987577090472619
IA-GTPF,15,53,full_test,measured,32527,0.9820767100521184,2.543803694332462,0.9894459319755745
IA-GTPF,15,53,full_test,supplier_interpolated,174,1.0414809077993152,1.3279271033220976,0.13289943574635255
IA-GTPF,15,53,full_test,raw_unscreened,32533,5.081827324196087,503.58541985052807,0.0019690355994262942
IA-GTPF,15,53,full_test,measured_endpoint_age_le_60s,27635,1.1011956419615005,2.7469846987802806,0.9891955368563853
Lag-Llama zero-shot,15,53,foundation_subset,measured,1024,1.1904027719895236,4.225857428739621,0.9731618162820398
Lag-Llama zero-shot,15,53,foundation_subset,supplier_interpolated,0,,,
PatchTST-lite,15,53,full_test,measured,32527,1.2749295424352383,2.998449630106502,0.9853362105237949
PatchTST-lite,15,53,full_test,supplier_interpolated,174,1.702378563214834,2.024325412687284,-1.015030633954781
PatchTST-lite,15,53,full_test,raw_unscreened,32533,5.374773279426666,503.5950354066507,0.0019309220481124045
PatchTST-lite,15,53,full_test,measured_endpoint_age_le_60s,27635,1.4167061504985552,3.2255928864440366,0.9851026227027663
QuantileForest,15,53,full_test,measured,32527,0.9678630474759208,2.545243148750364,0.9894339841997049
QuantileForest,15,53,full_test,supplier_interpolated,174,1.2205549038291814,1.550666880961215,-0.18238257669645797
QuantileForest,15,53,full_test,raw_unscreened,32533,5.067650909134871,503.58521681793064,0.0019698403597316894
QuantileForest,15,53,full_test,measured_endpoint_age_le_60s,27635,1.0819418183364673,2.7471408910893698,0.989194308147667
RandomForest,15,53,full_test,measured,32527,1.026178358379817,2.5691387794678646,0.9892346580138552
RandomForest,15,53,full_test,supplier_interpolated,174,1.3804216769482487,1.705827065384377,-0.4308397620677169
RandomForest,15,53,full_test,raw_unscreened,32533,5.126027376434207,503.58593600623146,0.0019669897116062485
RandomForest,15,53,full_test,measured_endpoint_age_le_60s,27635,1.14845931502541,2.7723610247008468,0.9889949940659003
STGCN,15,53,full_test,measured,32527,1.3959308194167332,3.5164666378947333,0.9798318666359671
STGCN,15,53,full_test,supplier_interpolated,174,1.1198381147630567,1.4332664506477493,-0.01012441698821176
STGCN,15,53,full_test,raw_unscreened,32533,5.49550817697679,503.5890180834801,0.0019547732296615328
STGCN,15,53,full_test,measured_endpoint_age_le_60s,27635,1.5739695918332044,3.8010646451407997,0.9793128233365814
TCN-lite,15,53,full_test,measured,32527,1.1845891188424746,2.7874106865639514,0.9873277240037447
TCN-lite,15,53,full_test,supplier_interpolated,174,1.3168745714603742,1.649617446598706,-0.3380966424921861
TCN-lite,15,53,full_test,raw_unscreened,32533,5.2844040791276665,503.59186198688406,0.001943500735106407
TCN-lite,15,53,full_test,measured_endpoint_age_le_60s,27635,1.3172289682572336,2.999592138814957,0.9871170558154082
Conformalized ExtraTrees,15,71,full_test,measured,32527,0.9753282479026439,2.51954216497682,0.9896462907972081
Conformalized ExtraTrees,15,71,full_test,supplier_interpolated,174,0.9762548149159365,1.269586178481919,0.20741587345121704
Conformalized ExtraTrees,15,71,full_test,raw_unscreened,32533,5.075029871397656,503.5831039757713,0.001978215012932827
Conformalized ExtraTrees,15,71,full_test,measured_endpoint_age_le_60s,27635,1.0943440654244687,2.7213041761333923,0.9893966062735331
DLinear-lite,15,71,full_test,measured,32527,1.306047941793362,2.987453009964244,0.9854435702941462
DLinear-lite,15,71,full_test,supplier_interpolated,174,1.8659874104931746,2.101484125742328,-1.1715669647121123
DLinear-lite,15,71,full_test,raw_unscreened,32533,5.4057852337262275,503.59046965003927,0.001949019604734592
DLinear-lite,15,71,full_test,measured_endpoint_age_le_60s,27635,1.4581352366403602,3.2178675051388246,0.9851738964839227
ExtraTrees,15,71,full_test,measured,32527,0.9753282479026439,2.51954216497682,0.9896462907972081
ExtraTrees,15,71,full_test,supplier_interpolated,174,0.9762548149159365,1.269586178481919,0.20741587345121704
ExtraTrees,15,71,full_test,raw_unscreened,32533,5.075029871397656,503.5831039757713,0.001978215012932827
ExtraTrees,15,71,full_test,measured_endpoint_age_le_60s,27635,1.0943440654244687,2.7213041761333923,0.9893966062735331
GRU-lite,15,71,full_test,measured,32527,1.0829309235532008,2.7028283123071484,0.988085121427886
GRU-lite,15,71,full_test,supplier_interpolated,174,1.2581807581692614,1.541320494514211,-0.16817230293557728
GRU-lite,15,71,full_test,raw_unscreened,32533,5.1827405750346385,503.5912750362631,0.0019458272601551307
GRU-lite,15,71,full_test,measured_endpoint_age_le_60s,27635,1.2098788266635572,2.9149546229062637,0.9878338180089979
GraphTemporalMLP-lite,15,71,full_test,measured,32527,1.1975427540913706,2.8147700214184805,0.9870777381979694
GraphTemporalMLP-lite,15,71,full_test,supplier_interpolated,174,1.7268986148476964,1.9758744426878085,-0.9197279427385325
GraphTemporalMLP-lite,15,71,full_test,raw_unscreened,32533,5.297407722441547,503.5954826002403,0.0019291494718935986
GraphTemporalMLP-lite,15,71,full_test,measured_endpoint_age_le_60s,27635,1.3272690581222741,3.02672975433225,0.9868828947300422
IA-GTPF,15,71,full_test,measured,32527,0.9811360758155825,2.5380744216033237,0.9894934191624243
IA-GTPF,15,71,full_test,supplier_interpolated,174,1.0494666970105129,1.3390322143906364,0.11833611897153973
IA-GTPF,15,71,full_test,raw_unscreened,32533,5.080886061613322,503.5854700449012,0.001968836643939764
IA-GTPF,15,71,full_test,measured_endpoint_age_le_60s,27635,1.1000786427945064,2.740751653185989,0.9892445129625628
Lag-Llama zero-shot,15,71,foundation_subset,measured,1024,1.1936335793977373,3.950780103033766,0.9765420986445057
Lag-Llama zero-shot,15,71,foundation_subset,supplier_interpolated,0,,,
PatchTST-lite,15,71,full_test,measured,32527,1.2727308206375132,2.9598254575533267,0.9857115570842723
PatchTST-lite,15,71,full_test,supplier_interpolated,174,1.7511389164759037,2.0656304605732987,-1.098100354819143
PatchTST-lite,15,71,full_test,raw_unscreened,32533,5.372582560425206,503.59879641748574,0.0019160141861619406
PatchTST-lite,15,71,full_test,measured_endpoint_age_le_60s,27635,1.4085882357598158,3.1799192726618255,0.9855215223038549
QuantileForest,15,71,full_test,measured,32527,0.9672621053051675,2.5472022109522734,0.9894177127104065
QuantileForest,15,71,full_test,supplier_interpolated,174,1.192037666033066,1.5011310287003712,-0.10804705232397316
QuantileForest,15,71,full_test,raw_unscreened,32533,5.067039123526972,503.58503206841436,0.0019705726511067834
QuantileForest,15,71,full_test,measured_endpoint_age_le_60s,27635,1.0818680442226214,2.7497592818040055,0.9891736998075203
RandomForest,15,71,full_test,measured,32527,1.0220656893460085,2.564878096202251,0.9892703350890668
RandomForest,15,71,full_test,supplier_interpolated,174,1.3714489569478818,1.6925137598968258,-0.408592640446783
RandomForest,15,71,full_test,raw_unscreened,32533,5.121909609937213,503.5860448670103,0.0019665582195615983
RandomForest,15,71,full_test,measured_endpoint_age_le_60s,27635,1.1438271322195208,2.76794804252545,0.9890300012257464
STGCN,15,71,full_test,measured,32527,1.338740169913977,3.2498688877826902,0.9827740024127938
STGCN,15,71,full_test,supplier_interpolated,174,1.0665590863281977,1.3974458224612651,0.039735313244408044
STGCN,15,71,full_test,raw_unscreened,32533,5.438260045803467,503.5847269719518,0.0019717819609001985
STGCN,15,71,full_test,measured_endpoint_age_le_60s,27635,1.5075586032063468,3.510424218362882,0.9823554772553729
TCN-lite,15,71,full_test,measured,32527,1.1789517200746829,2.808717113422301,0.9871332547493231
TCN-lite,15,71,full_test,supplier_interpolated,174,1.3832624396345636,1.7080069003646685,-0.43449896934796706
TCN-lite,15,71,full_test,raw_unscreened,32533,5.27876454715766,503.5913235881771,0.0019456348126483114
TCN-lite,15,71,full_test,measured_endpoint_age_le_60s,27635,1.3104274087136392,3.0225225517436547,0.9869193353565872
HGB,60,0,full_test,measured,32504,1.5099205181917843,4.31090753809901,0.9697059896871758
HGB,60,0,full_test,supplier_interpolated,174,0.9803636755146493,1.3849207047545895,0.05687161711151245
HGB,60,0,full_test,raw_unscreened,32510,5.612386841138969,503.7695086318802,0.001944795808540456
HGB,60,0,full_test,measured_endpoint_age_le_60s,27614,1.7120915857344028,4.666889511676335,0.9688331389857578
Persistence,60,0,full_test,measured,32504,1.5130599477339897,4.67933868336809,0.9643065676453128
Persistence,60,0,full_test,supplier_interpolated,174,0.930883052272957,1.3467879918169905,0.10809321095089941
Persistence,60,0,full_test,raw_unscreened,32510,5.615436705713287,503.76954539236476,0.0019446501506805713
Persistence,60,0,full_test,measured_endpoint_age_le_60s,27614,1.7082024832040155,5.066054429619582,0.963273653345688
QuantileHGB,60,0,full_test,measured,32504,1.4571210568352415,4.358374440213432,0.969035189197864
QuantileHGB,60,0,full_test,supplier_interpolated,174,1.1245617188494839,1.50188657337658,-0.10916273072720584
QuantileHGB,60,0,full_test,raw_unscreened,32510,5.5595347704247065,503.7668991961811,0.0019551352756573825
QuantileHGB,60,0,full_test,measured_endpoint_age_le_60s,27614,1.6379020250015313,4.716989407545151,0.9681603835047562
Ridge,60,0,full_test,measured,32504,1.819630803699864,4.2340776988060815,0.970776178962131
Ridge,60,0,full_test,supplier_interpolated,174,1.9822420039558422,2.3153817496169498,-1.636126277247329
Ridge,60,0,full_test,raw_unscreened,32510,5.922017176489501,503.7694804659247,0.0019449074118719212
Ridge,60,0,full_test,measured_endpoint_age_le_60s,27614,2.004361714032499,4.573643803585597,0.9700661413645792
Seasonal Persistence,60,0,full_test,measured,32504,2.636044049751854,9.521034006715057,0.8522295535185286
Seasonal Persistence,60,0,full_test,supplier_interpolated,174,1.020232647674328,1.4371306254881158,-0.015578474914889284
Seasonal Persistence,60,0,full_test,raw_unscreened,32510,6.73823004116434,503.83806521808185,0.001673132231318375
Seasonal Persistence,60,0,full_test,measured_endpoint_age_le_60s,27614,3.0264418748959647,10.323721821503055,0.8474856832372113
Conformalized ExtraTrees,60,11,full_test,measured,32504,1.541365903690031,4.382238705572904,0.9686951653940916
Conformalized ExtraTrees,60,11,full_test,supplier_interpolated,174,1.1761313564549194,1.5814768511614334,-0.2298345153577337
Conformalized ExtraTrees,60,11,full_test,raw_unscreened,32510,5.643878090820264,503.7731022935317,0.0019305564175303713
Conformalized ExtraTrees,60,11,full_test,measured_endpoint_age_le_60s,27614,1.7462917398261306,4.742311540956059,0.9678176178006934
DLinear-lite,60,11,full_test,measured,32504,1.721010554551403,4.591869461960065,0.965628505213481
DLinear-lite,60,11,full_test,supplier_interpolated,174,1.9813488344294747,2.2666442810179506,-1.5263163713890258
DLinear-lite,60,11,full_test,raw_unscreened,32510,5.823579199868948,503.7777004990679,0.001912336511128987
DLinear-lite,60,11,full_test,measured_endpoint_age_le_60s,27614,1.9369301984669958,4.9639586337707815,0.9647390236407813
ExtraTrees,60,11,full_test,measured,32504,1.541365903690031,4.382238705572904,0.9686951653940916
ExtraTrees,60,11,full_test,supplier_interpolated,174,1.1761313564549194,1.5814768511614334,-0.2298345153577337
ExtraTrees,60,11,full_test,raw_unscreened,32510,5.643878090820264,503.7731022935317,0.0019305564175303713
ExtraTrees,60,11,full_test,measured_endpoint_age_le_60s,27614,1.7462917398261306,4.742311540956059,0.9678176178006934
GRU-lite,60,11,full_test,measured,32504,1.5176150757520095,4.326266222230434,0.9694897452131139
GRU-lite,60,11,full_test,supplier_interpolated,174,1.6183013670881923,1.954121175977387,-0.8776903779584604
GRU-lite,60,11,full_test,raw_unscreened,32510,5.620281879491505,503.7801446585503,0.0019026517182438862
GRU-lite,60,11,full_test,measured_endpoint_age_le_60s,27614,1.7024027533559107,4.676999119996831,0.9686979628555173
GraphTemporalMLP-lite,60,11,full_test,measured,32504,1.63641167760483,4.402424238224868,0.9684061076096225
GraphTemporalMLP-lite,60,11,full_test,supplier_interpolated,174,1.8941269318151088,2.2064947139239917,-1.3940145271750906
GraphTemporalMLP-lite,60,11,full_test,raw_unscreened,32510,5.739054940654885,503.78127519047143,0.0018981720570635519
GraphTemporalMLP-lite,60,11,full_test,measured_endpoint_age_le_60s,27614,1.8328825999558551,4.756225543063392,0.9676284937271805
IA-GTPF,60,11,full_test,measured,32504,1.3988611043001595,4.205292982098193,0.9711721754873978
IA-GTPF,60,11,full_test,supplier_interpolated,174,1.056369375844601,1.4308746229099172,-0.006755849116537593
IA-GTPF,60,11,full_test,raw_unscreened,32510,5.501306137352642,503.767327576027,0.0019534378934439323
IA-GTPF,60,11,full_test,measured_endpoint_age_le_60s,27614,1.582776296142827,4.552413606214709,0.9703433937262753
Lag-Llama zero-shot,60,11,foundation_subset,measured,1024,1.4362116414712167,5.954530567356281,0.9307171923758373
Lag-Llama zero-shot,60,11,foundation_subset,supplier_interpolated,0,,,
PatchTST-lite,60,11,full_test,measured,32504,1.6852293532900342,4.515095174311739,0.9667682531077494
PatchTST-lite,60,11,full_test,supplier_interpolated,174,1.9784225503053572,2.2848526365559216,-1.567068094476539
PatchTST-lite,60,11,full_test,raw_unscreened,32510,5.787992613059731,503.78887558947133,0.0018680556961263584
PatchTST-lite,60,11,full_test,measured_endpoint_age_le_60s,27614,1.8803165413027876,4.874247225767624,0.9660020185635089
QuantileForest,60,11,full_test,measured,32504,1.4908777196382341,4.478382544693231,0.9673064764251512
QuantileForest,60,11,full_test,supplier_interpolated,174,1.0908347890532186,1.4515963920260966,-0.036126446372350296
QuantileForest,60,11,full_test,raw_unscreened,32510,5.5933836563036605,503.7735151254898,0.0019289206210592047
QuantileForest,60,11,full_test,measured_endpoint_age_le_60s,27614,1.6897134481369003,4.848463045273886,0.9663607576542493
RandomForest,60,11,full_test,measured,32504,1.493656878472913,4.286385365094853,0.9700496584250469
RandomForest,60,11,full_test,supplier_interpolated,174,1.0746675535091654,1.4679846469677913,-0.05965386308058074
RandomForest,60,11,full_test,raw_unscreened,32510,5.5961160586153325,503.76952026137985,0.0019447497284085236
RandomForest,60,11,full_test,measured_endpoint_age_le_60s,27614,1.6961648341758018,4.640743934088867,0.9691813764870395
STGCN,60,11,full_test,measured,32504,1.8526736098796304,5.010524293555613,0.9590752818465763
STGCN,60,11,full_test,supplier_interpolated,174,1.1822690882024822,1.593014991347087,-0.24784523331565267
STGCN,60,11,full_test,raw_unscreened,32510,5.9551415814173705,503.7772298912838,0.001914201252676162
STGCN,60,11,full_test,measured_endpoint_age_le_60s,27614,2.1108489111227207,5.4260511580819575,0.9578686093592725
TCN-lite,60,11,full_test,measured,32504,1.6930762469654603,4.5158704049515235,0.9667568405110848
TCN-lite,60,11,full_test,supplier_interpolated,174,1.5732454358268981,1.9253821566991831,-0.8228665858809121
TCN-lite,60,11,full_test,raw_unscreened,32510,5.795735722612152,503.78328678323203,0.001890201223216481
TCN-lite,60,11,full_test,measured_endpoint_age_le_60s,27614,1.904351168342344,4.881545720415013,0.9659001280163727
Conformalized ExtraTrees,60,23,full_test,measured,32504,1.6304598302630913,4.53405696501381,0.9664885440106965
Conformalized ExtraTrees,60,23,full_test,supplier_interpolated,174,1.154672400719174,1.561535032752641,-0.19901457605511141
Conformalized ExtraTrees,60,23,full_test,raw_unscreened,32510,5.732952053927837,503.7743629089807,0.0019255613777864333
Conformalized ExtraTrees,60,23,full_test,measured_endpoint_age_le_60s,27614,1.8519382860144304,4.907672655592536,0.9655341335572056
DLinear-lite,60,23,full_test,measured,32504,1.6781346590245076,4.611237931761662,0.9653379362972224
DLinear-lite,60,23,full_test,supplier_interpolated,174,2.0208946335231555,2.257415198070763,-1.5057854777048614
DLinear-lite,60,23,full_test,raw_unscreened,32510,5.780632037455344,503.7751053673359,0.0019226194684447417
DLinear-lite,60,23,full_test,measured_endpoint_age_le_60s,27614,1.8888527771468488,4.9868910615916295,0.9644124747388463
ExtraTrees,60,23,full_test,measured,32504,1.6304598302630913,4.53405696501381,0.9664885440106965
ExtraTrees,60,23,full_test,supplier_interpolated,174,1.154672400719174,1.561535032752641,-0.19901457605511141
ExtraTrees,60,23,full_test,raw_unscreened,32510,5.732952053927837,503.7743629089807,0.0019255613777864333
ExtraTrees,60,23,full_test,measured_endpoint_age_le_60s,27614,1.8519382860144304,4.907672655592536,0.9655341335572056
GRU-lite,60,23,full_test,measured,32504,1.5330576165378083,4.319508390028108,0.9695849876867768
GRU-lite,60,23,full_test,supplier_interpolated,174,1.6430456818381844,1.9805763136162364,-0.9288753384428285
GRU-lite,60,23,full_test,raw_unscreened,32510,5.635731472707574,503.7803730905761,0.0019017465716106852
GRU-lite,60,23,full_test,measured_endpoint_age_le_60s,27614,1.7205700769709353,4.66943294816941,0.9687991580943511
GraphTemporalMLP-lite,60,23,full_test,measured,32504,1.715464731204564,4.487197155975741,0.9671776512049548
GraphTemporalMLP-lite,60,23,full_test,supplier_interpolated,174,1.9366447641299727,2.2772786566327876,-1.5500773296813568
GraphTemporalMLP-lite,60,23,full_test,raw_unscreened,32510,5.818123720512161,503.7822468550955,0.0018943218894593716
GraphTemporalMLP-lite,60,23,full_test,measured_endpoint_age_le_60s,27614,1.9232244084582923,4.8467266281522665,0.9663848482974481
IA-GTPF,60,23,full_test,measured,32504,1.3814487548766579,4.181633052391935,0.9714956466844885
IA-GTPF,60,23,full_test,supplier_interpolated,174,1.0537575073430716,1.4313103380478822,-0.007369076221952486
IA-GTPF,60,23,full_test,raw_unscreened,32510,5.483894735187886,503.7670257309838,0.0019546339031927262
IA-GTPF,60,23,full_test,measured_endpoint_age_le_60s,27614,1.5624230657501603,4.526736652950364,0.970676994247401
Lag-Llama zero-shot,60,23,foundation_subset,measured,1024,1.4202261481389953,5.439627439614697,0.9421812454576617
Lag-Llama zero-shot,60,23,foundation_subset,supplier_interpolated,0,,,
PatchTST-lite,60,23,full_test,measured,32504,1.641804959396566,4.3867053588968306,0.9686313171586972
PatchTST-lite,60,23,full_test,supplier_interpolated,174,1.919410507588394,2.24845678119652,-1.4859368212318165
PatchTST-lite,60,23,full_test,raw_unscreened,32510,5.744524326890011,503.7830796645486,0.0018910219219190338
PatchTST-lite,60,23,full_test,measured_endpoint_age_le_60s,27614,1.830206965211938,4.735555624044808,0.96790924679996
QuantileForest,60,23,full_test,measured,32504,1.4810862750319624,4.417098938410079,0.9681951312979099
QuantileForest,60,23,full_test,supplier_interpolated,174,1.0850122516487115,1.4445798499056808,-0.026134062219449694
QuantileForest,60,23,full_test,raw_unscreened,32510,5.583582735924929,503.7725552517103,0.0019327240022124492
QuantileForest,60,23,full_test,measured_endpoint_age_le_60s,27614,1.6791405530219163,4.782095642684647,0.9672753853104209
RandomForest,60,23,full_test,measured,32504,1.4819285312433816,4.23452181242758,0.9707700480507079
RandomForest,60,23,full_test,supplier_interpolated,174,1.0673131996150476,1.45602509766007,-0.042458370224566
RandomForest,60,23,full_test,raw_unscreened,32510,5.584375696893457,503.76823102310436,0.001949858133468485
RandomForest,60,23,full_test,measured_endpoint_age_le_60s,27614,1.6830613419234883,4.584558068996413,0.9699231062233565
STGCN,60,23,full_test,measured,32504,1.8951345916131332,5.060473372331836,0.9582552715022854
STGCN,60,23,full_test,supplier_interpolated,174,1.5486999187276775,1.9470893946811094,-0.8642011918750883
STGCN,60,23,full_test,raw_unscreened,32510,5.997673636219976,503.7807755515199,0.0019001518460239897
STGCN,60,23,full_test,measured_endpoint_age_le_60s,27614,2.1431970515060783,5.47441365597158,0.9571142265777824
TCN-lite,60,23,full_test,measured,32504,1.7591665050665213,4.660624097350474,0.9645915019393128
TCN-lite,60,23,full_test,supplier_interpolated,174,1.8560445779437251,2.159882071085417,-1.2939348409110223
TCN-lite,60,23,full_test,raw_unscreened,32510,5.861827425029985,503.78455757915924,0.001885165742682382
TCN-lite,60,23,full_test,measured_endpoint_age_le_60s,27614,1.9777181326629545,5.037852283240127,0.9636814179423165
Conformalized ExtraTrees,60,37,full_test,measured,32504,1.6421526952953829,4.577531578903839,0.9658428166535183
Conformalized ExtraTrees,60,37,full_test,supplier_interpolated,174,1.142526473896895,1.5467267238872073,-0.17638147576228946
Conformalized ExtraTrees,60,37,full_test,raw_unscreened,32510,5.744641637014918,503.77433505341156,0.0019256717523223887
Conformalized ExtraTrees,60,37,full_test,measured_endpoint_age_le_60s,27614,1.8664118681072654,4.9552317226461975,0.9648628961126334
DLinear-lite,60,37,full_test,measured,32504,1.6866977587349319,4.644173834492458,0.9648410183652216
DLinear-lite,60,37,full_test,supplier_interpolated,174,1.9850933345211768,2.2252404838895004,-1.4348650938048246
DLinear-lite,60,37,full_test,raw_unscreened,32510,5.7891820962564795,503.7752342272127,0.0019221088749543647
DLinear-lite,60,37,full_test,measured_endpoint_age_le_60s,27614,1.8998469000382106,5.023099590274274,0.9638938149537163
ExtraTrees,60,37,full_test,measured,32504,1.6421526952953829,4.577531578903839,0.9658428166535183
ExtraTrees,60,37,full_test,supplier_interpolated,174,1.142526473896895,1.5467267238872073,-0.17638147576228946
ExtraTrees,60,37,full_test,raw_unscreened,32510,5.744641637014918,503.77433505341156,0.0019256717523223887
ExtraTrees,60,37,full_test,measured_endpoint_age_le_60s,27614,1.8664118681072654,4.9552317226461975,0.9648628961126334
GRU-lite,60,37,full_test,measured,32504,1.5944575550330218,4.37547220651643,0.9687917646950513
GRU-lite,60,37,full_test,supplier_interpolated,174,1.658582711332013,2.0077784209697853,-0.982223238341341
GRU-lite,60,37,full_test,raw_unscreened,32510,5.697139931648838,503.7824307074387,0.0018935933838308827
GRU-lite,60,37,full_test,measured_endpoint_age_le_60s,27614,1.7914218930768466,4.729833919477197,0.9679867468437269
GraphTemporalMLP-lite,60,37,full_test,measured,32504,1.627642590710634,4.394028169040662,0.9685265010759465
GraphTemporalMLP-lite,60,37,full_test,supplier_interpolated,174,1.7976802169479882,2.1151143769147875,-1.199827937562068
GraphTemporalMLP-lite,60,37,full_test,raw_unscreened,32510,5.730280312985863,503.78033324198,0.0019019044690389286
GraphTemporalMLP-lite,60,37,full_test,measured_endpoint_age_le_60s,27614,1.824871753674598,4.747657366338757,0.9677450209828868
IA-GTPF,60,37,full_test,measured,32504,1.4008135639025587,4.2242257470475035,0.970912018092014
IA-GTPF,60,37,full_test,supplier_interpolated,174,1.0579725008187715,1.4254591541291666,0.0008503205868601871
IA-GTPF,60,37,full_test,raw_unscreened,32510,5.503241551255087,503.7666725206834,0.0019560334381442113
IA-GTPF,60,37,full_test,measured_endpoint_age_le_60s,27614,1.5846149800762739,4.573024225987777,0.9700742509125959
Lag-Llama zero-shot,60,37,foundation_subset,measured,1024,1.5031374835648288,6.027411373816715,0.9290108318286179
Lag-Llama zero-shot,60,37,foundation_subset,supplier_interpolated,0,,,
PatchTST-lite,60,37,full_test,measured,32504,1.6903191003323694,4.452092671131781,0.9676891975371158
PatchTST-lite,60,37,full_test,supplier_interpolated,174,2.082773307293154,2.4358240795830683,-1.9175132532315473
PatchTST-lite,60,37,full_test,raw_unscreened,32510,5.793103128432603,503.7889863847395,0.001867616669724792
PatchTST-lite,60,37,full_test,measured_endpoint_age_le_60s,27614,1.8774303952719955,4.801287717008873,0.9670121896015489
QuantileForest,60,37,full_test,measured,32504,1.4746017833406448,4.407848328214146,0.9683282079457914
QuantileForest,60,37,full_test,supplier_interpolated,174,1.0834843760028465,1.4464738798560524,-0.02882661362816563
QuantileForest,60,37,full_test,raw_unscreened,32510,5.577106266458533,503.77225447057646,0.0019339158087695596
QuantileForest,60,37,full_test,measured_endpoint_age_le_60s,27614,1.6709983924299585,4.7719356332571365,0.9674142906036665
RandomForest,60,37,full_test,measured,32504,1.4839076204970219,4.267196004149249,0.9703172225334328
RandomForest,60,37,full_test,supplier_interpolated,174,1.0635902598905438,1.4514689720468585,-0.03594455364161142
RandomForest,60,37,full_test,raw_unscreened,32510,5.586366221975574,503.76919213139513,0.0019460498934011916
RandomForest,60,37,full_test,measured_endpoint_age_le_60s,27614,1.6847300800330656,4.619871231151677,0.9694579792763536
STGCN,60,37,full_test,measured,32504,1.7127274178431433,4.528866232262523,0.9665652300524932
STGCN,60,37,full_test,supplier_interpolated,174,1.5451881170819193,1.9440286555970485,-0.8583449134687615
STGCN,60,37,full_test,raw_unscreened,32510,5.81516655565497,503.77475959554346,0.0019239895515743566
STGCN,60,37,full_test,measured_endpoint_age_le_60s,27614,1.9363393692313018,4.8991328874035,0.9656539762812103
TCN-lite,60,37,full_test,measured,32504,1.758360521287854,4.713003439390525,0.9637911387902178
TCN-lite,60,37,full_test,supplier_interpolated,174,1.9765958757343887,2.2342446007174863,-1.4546096254199417
TCN-lite,60,37,full_test,raw_unscreened,32510,5.860983085259023,503.7822284412152,0.001894394853515724
TCN-lite,60,37,full_test,measured_endpoint_age_le_60s,27614,1.9782066616644387,5.095485967288266,0.9628456861048781
Conformalized ExtraTrees,60,53,full_test,measured,32504,1.5781238314230124,4.417999715366072,0.9681821580707249
Conformalized ExtraTrees,60,53,full_test,supplier_interpolated,174,1.0755488709405803,1.488733040488462,-0.0898196969124978
Conformalized ExtraTrees,60,53,full_test,raw_unscreened,32510,5.680602837617663,503.772530930689,0.0019328203711574954
Conformalized ExtraTrees,60,53,full_test,measured_endpoint_age_le_60s,27614,1.7932254263675953,4.782483872518743,0.9672700716620168
DLinear-lite,60,53,full_test,measured,32504,3.1253443286796956,8.578485426941146,0.8800388588291351
DLinear-lite,60,53,full_test,supplier_interpolated,174,2.5063231099800802,2.721048454518384,-2.6407725629940066
DLinear-lite,60,53,full_test,raw_unscreened,32510,7.227706662142286,503.8329024691372,0.0016935915214438824
DLinear-lite,60,53,full_test,measured_endpoint_age_le_60s,27614,3.58089240539151,9.296376516930165,0.876329693818812
ExtraTrees,60,53,full_test,measured,32504,1.5781238314230124,4.417999715366072,0.9681821580707249
ExtraTrees,60,53,full_test,supplier_interpolated,174,1.0755488709405803,1.488733040488462,-0.0898196969124978
ExtraTrees,60,53,full_test,raw_unscreened,32510,5.680602837617663,503.772530930689,0.0019328203711574954
ExtraTrees,60,53,full_test,measured_endpoint_age_le_60s,27614,1.7932254263675953,4.782483872518743,0.9672700716620168
GRU-lite,60,53,full_test,measured,32504,1.6129716118821604,4.461384484117406,0.9675541872164288
GRU-lite,60,53,full_test,supplier_interpolated,174,1.6602227348484193,1.9596566632375352,-0.8883434048702563
GRU-lite,60,53,full_test,raw_unscreened,32510,5.715634326232925,503.7820833375547,0.001894969819236425
GRU-lite,60,53,full_test,measured_endpoint_age_le_60s,27614,1.8145850104833567,4.823848458469124,0.9667014488031055
GraphTemporalMLP-lite,60,53,full_test,measured,32504,1.6349727946938721,4.376352492804025,0.9687792060756295
GraphTemporalMLP-lite,60,53,full_test,supplier_interpolated,174,1.901648581989749,2.218248955975633,-1.4195888265714034
GraphTemporalMLP-lite,60,53,full_test,raw_unscreened,32510,5.737601922555949,503.7797328718608,0.0019042833944392656
GraphTemporalMLP-lite,60,53,full_test,measured_endpoint_age_le_60s,27614,1.8311999228385734,4.727487342515215,0.9680185039535387
IA-GTPF,60,53,full_test,measured,32504,1.3972321357040682,4.1992878000658385,0.9712544492928054
IA-GTPF,60,53,full_test,supplier_interpolated,174,1.0542557515465822,1.4317975582658395,-0.00805501288315802
IA-GTPF,60,53,full_test,raw_unscreened,32510,5.499676554094146,503.76704882898383,0.001954542381313429
IA-GTPF,60,53,full_test,measured_endpoint_age_le_60s,27614,1.5810017652645563,4.5459270407740835,0.9704278467148969
Lag-Llama zero-shot,60,53,foundation_subset,measured,1024,1.4643715735528926,5.725068093355957,0.9359540408989738
Lag-Llama zero-shot,60,53,foundation_subset,supplier_interpolated,0,,,
PatchTST-lite,60,53,full_test,measured,32504,1.6857075990726367,4.412775425792928,0.9682573628464352
PatchTST-lite,60,53,full_test,supplier_interpolated,174,1.8502430523728655,2.224222138753541,-1.4326370508728816
PatchTST-lite,60,53,full_test,raw_unscreened,32510,5.78849794156338,503.78745109193903,0.0018737002609442444
PatchTST-lite,60,53,full_test,measured_endpoint_age_le_60s,27614,1.8774143921667634,4.761244491548728,0.9675601384132346
QuantileForest,60,53,full_test,measured,32504,1.4750202516175193,4.432383946112728,0.9679746341844924
QuantileForest,60,53,full_test,supplier_interpolated,174,1.0866835098912,1.4482246587809566,-0.0313186573108033
QuantileForest,60,53,full_test,raw_unscreened,32510,5.577521665284118,503.7719971923351,0.001934935240145652
QuantileForest,60,53,full_test,measured_endpoint_age_le_60s,27614,1.6714976193086746,4.798604183860654,0.967049054354943
RandomForest,60,53,full_test,measured,32504,1.472869636497497,4.224308441091246,0.9709108792199288
RandomForest,60,53,full_test,supplier_interpolated,174,1.0589116710165773,1.446249076985517,-0.028506849535803624
RandomForest,60,53,full_test,raw_unscreened,32510,5.575322181954707,503.76761181711646,0.0019523116357189618
RandomForest,60,53,full_test,measured_endpoint_age_le_60s,27614,1.6722403011628888,4.573398027251544,0.970069358421561
STGCN,60,53,full_test,measured,32504,1.8399122350361257,4.919871944702223,0.9605427375215071
STGCN,60,53,full_test,supplier_interpolated,174,1.740444507398641,2.0635531739637054,-1.0938825972085522
STGCN,60,53,full_test,raw_unscreened,32510,5.942438859333843,503.7827346854689,0.0018923888856491322
STGCN,60,53,full_test,measured_endpoint_age_le_60s,27614,2.077686727774506,5.322117009539095,0.9594671759842026
TCN-lite,60,53,full_test,measured,32504,1.6104513429341203,4.442120188132511,0.967833784846605
TCN-lite,60,53,full_test,supplier_interpolated,174,1.6450655804720378,1.9881883390643682,-0.9437304725326119
TCN-lite,60,53,full_test,raw_unscreened,32510,5.713081419212538,503.78033882666426,0.0019018823400973606
TCN-lite,60,53,full_test,measured_endpoint_age_le_60s,27614,1.8083972038540899,4.80227234697597,0.9669986581828545
Conformalized ExtraTrees,60,71,full_test,measured,32504,1.525651777976512,4.382928140373489,0.9686853145659664
Conformalized ExtraTrees,60,71,full_test,supplier_interpolated,174,1.154328488552029,1.5692803329429956,-0.2109384317111085
Conformalized ExtraTrees,60,71,full_test,raw_unscreened,32510,5.628149712245909,503.77222443177277,0.00193403483362653
Conformalized ExtraTrees,60,71,full_test,measured_endpoint_age_le_60s,27614,1.7291774357784537,4.743646321702071,0.9677994990123975
DLinear-lite,60,71,full_test,measured,32504,1.7093191330031654,4.59490910343372,0.9655829849295005
DLinear-lite,60,71,full_test,supplier_interpolated,174,1.936554217954961,2.209091594703338,-1.3996529986643118
DLinear-lite,60,71,full_test,raw_unscreened,32510,5.811854320293884,503.77613025029865,0.0019185584756231666
DLinear-lite,60,71,full_test,measured_endpoint_age_le_60s,27614,1.9262376665982923,4.968556980376406,0.9646736656058497
ExtraTrees,60,71,full_test,measured,32504,1.525651777976512,4.382928140373489,0.9686853145659664
ExtraTrees,60,71,full_test,supplier_interpolated,174,1.154328488552029,1.5692803329429956,-0.2109384317111085
ExtraTrees,60,71,full_test,raw_unscreened,32510,5.628149712245909,503.77222443177277,0.00193403483362653
ExtraTrees,60,71,full_test,measured_endpoint_age_le_60s,27614,1.7291774357784537,4.743646321702071,0.9677994990123975
GRU-lite,60,71,full_test,measured,32504,1.5324389854459284,4.338313984195771,0.9693195790300686
GRU-lite,60,71,full_test,supplier_interpolated,174,1.5915234974662749,1.9431098820205435,-0.8565887719343648
GRU-lite,60,71,full_test,raw_unscreened,32510,5.635146255641186,503.78254310142876,0.0018931480281885182
GRU-lite,60,71,full_test,measured_endpoint_age_le_60s,27614,1.7177499205684905,4.689181031220719,0.9685346892575492
GraphTemporalMLP-lite,60,71,full_test,measured,32504,1.671623225154268,4.443341058442725,0.9678161013207252
GraphTemporalMLP-lite,60,71,full_test,supplier_interpolated,174,1.9173659539851595,2.2160791089197343,-1.414857554287925
GraphTemporalMLP-lite,60,71,full_test,raw_unscreened,32510,5.774217820114525,503.7789406746443,0.001907422417211535
GraphTemporalMLP-lite,60,71,full_test,measured_endpoint_age_le_60s,27614,1.8751786524971896,4.801022180479629,0.9670158383003874
IA-GTPF,60,71,full_test,measured,32504,1.3916408251559393,4.198107523027225,0.9712706058160606
IA-GTPF,60,71,full_test,supplier_interpolated,174,1.040208650787722,1.4132360333214977,0.017912003418308564
IA-GTPF,60,71,full_test,raw_unscreened,32510,5.494083442762909,503.7670382944544,0.0019545841225873106
IA-GTPF,60,71,full_test,measured_endpoint_age_le_60s,27614,1.5746353422038808,4.544806652522806,0.9704424216123465
Lag-Llama zero-shot,60,71,foundation_subset,measured,1024,1.4698739539606238,6.142861568018883,0.9262653068027903
Lag-Llama zero-shot,60,71,foundation_subset,supplier_interpolated,0,,,
PatchTST-lite,60,71,full_test,measured,32504,1.6457443789546966,4.513033630059684,0.9667985927014778
PatchTST-lite,60,71,full_test,supplier_interpolated,174,1.7770390917979255,2.1455827848495335,-1.263661844664464
PatchTST-lite,60,71,full_test,raw_unscreened,32510,5.74847789827764,503.7867668006904,0.0018764117561456128
PatchTST-lite,60,71,full_test,measured_endpoint_age_le_60s,27614,1.8362603114736071,4.873388404776261,0.9660139980985935
QuantileForest,60,71,full_test,measured,32504,1.4869479573200204,4.39684119218661,0.9684861899912277
QuantileForest,60,71,full_test,supplier_interpolated,174,1.084278981215387,1.439382287587202,-0.01876333636675165
QuantileForest,60,71,full_test,raw_unscreened,32510,5.589447229703652,503.7722944487193,0.0019337574005612312
QuantileForest,60,71,full_test,measured_endpoint_age_le_60s,27614,1.685536705045263,4.759925245050705,0.967578112808326
RandomForest,60,71,full_test,measured,32504,1.4863149248253256,4.246008167394535,0.9706112575274188
RandomForest,60,71,full_test,supplier_interpolated,174,1.090916872415678,1.4748010560490588,-0.06951745923323949
RandomForest,60,71,full_test,raw_unscreened,32510,5.588773773399089,503.76880044575415,0.0019476018868748168
RandomForest,60,71,full_test,measured_endpoint_age_le_60s,27614,1.6874133295335725,4.596824748087925,0.9697619403353045
STGCN,60,71,full_test,measured,32504,1.9640294017800355,5.053240660261059,0.9583745140369557
STGCN,60,71,full_test,supplier_interpolated,174,1.6531999340878356,2.0775944482734885,-1.1224748407826897
STGCN,60,71,full_test,raw_unscreened,32510,6.066464737647911,503.77568625450516,0.0019203177640837454
STGCN,60,71,full_test,measured_endpoint_age_le_60s,27614,2.226271124176049,5.466019900044755,0.957245636723126
TCN-lite,60,71,full_test,measured,32504,1.7675346954707698,4.6380107865733935,0.9649342718563633
TCN-lite,60,71,full_test,supplier_interpolated,174,1.431316568278597,1.8891815879796376,-0.7549647887219151
TCN-lite,60,71,full_test,raw_unscreened,32510,5.870094477151604,503.7819146758402,0.0018956381323147475
TCN-lite,60,71,full_test,measured_endpoint_age_le_60s,27614,1.9995446706711602,5.017502800640866,0.9639742299004781
