experiment,horizon_minutes,full_model,comparator,site,n_paired_site_times,n_daily_blocks,mean_delta_MAE,CI_95_low,CI_95_high,CI_7day_low,CI_7day_high,DM_7day_statistic,DM_7day_p_value,relative_improvement_percent,standardized_daily_effect,Wilcoxon_statistic,Wilcoxon_p_value,DM_statistic,DM_p_value,DM_n_clock_times,DM_HAC_lags,DM_p_value_Holm,DM_7day_p_value_Holm,Wilcoxon_p_value_Holm
main,15,IA-GTPF,ExtraTrees,ALL_SYNCHRONIZED,32527,40,0.018897229205718666,0.0011023671658329894,0.037407777549682,-0.015020995405500856,0.06215923338214968,0.9948622588751741,0.31980326087164623,1.8873587841611974,0.3166603064151441,289.0,0.1058129653429205,2.1868104413925127,0.028756364919646643,3802,96,0.28756364919646643,1.0,0.6614928150720516
main,15,IA-GTPF,QuantileForest,ALL_SYNCHRONIZED,32527,40,-0.012809950424005335,-0.02362701762066946,-0.002490838738734648,-0.025336998085222003,0.003456567697344468,-1.8835486361918252,0.05962605516576301,-1.3212326044009812,-0.36618545578653255,242.0,0.023206125308206538,-2.3157392111084194,0.020572512094618484,3802,96,0.22629763304080333,0.6558866068233932,0.23206125308206538
main,15,IA-GTPF,RandomForest,ALL_SYNCHRONIZED,32527,40,0.04190153653832538,0.025583195083445722,0.059774858816862446,0.010142624851460204,0.07838070130808825,2.3039107027299925,0.021227656787104858,4.090920507423888,0.7640454199843064,80.0,1.4051875041332096e-06,4.947790961661827,7.506045407641929e-07,3802,96,1.7263904437576438e-05,0.31841485180657286,3.653487510746345e-05
main,15,IA-GTPF,HGB,ALL_SYNCHRONIZED,32527,40,0.07365147587659893,0.062026585245945384,0.08560028195886747,0.058084381334921206,0.0884797893610146,10.38687885334526,2.8451138403815015e-25,6.974526251481877,1.872139757809317,0.0,1.8189894035458565e-12,11.240710828417962,2.573021262970057e-29,3802,96,1.0292085051880228e-27,1.1095943977487856e-23,7.275957614183426e-11
main,60,IA-GTPF,ExtraTrees,ALL_SYNCHRONIZED,32504,40,0.1895515309417294,0.14632319978135092,0.23481018052305774,0.11987448007248867,0.27544524042506807,4.3635987484361065,1.279401491603737e-05,11.970031527658799,1.2738969586567965,8.0,4.547473508864641e-11,7.768493544886846,7.942505294010386e-15,3799,96,2.7004517999635315e-13,0.00037102643256508374,1.6825651982799172e-09
main,60,IA-GTPF,QuantileForest,ALL_SYNCHRONIZED,32504,40,0.0877075206017996,0.05347155256319607,0.12313167827798724,0.04309548792176493,0.13515016076496306,3.780980089853804,0.00015621216823359378,5.91935737598788,0.7727855495934844,110.0,1.805902866180986e-05,4.668444199383996,3.0348917949072117e-06,3799,96,6.373272769305145e-05,0.003436667701139063,0.00039729863055981696
main,60,IA-GTPF,RandomForest,ALL_SYNCHRONIZED,32504,40,0.08973624151935115,0.06603611323949539,0.1156426829400368,0.045660631790229715,0.14291241825434042,3.6409201514426393,0.00027166538744845904,6.0479944310917295,1.0951889694975407,48.0,4.474713932722807e-08,6.520358116545184,7.01397268533013e-11,3799,96,2.104191805599039e-09,0.00570497313641764,1.252919901162386e-06
main,60,IA-GTPF,HGB,ALL_SYNCHRONIZED,32504,40,0.11592124140390782,0.08770551217814433,0.14511627517314377,0.0881501619639189,0.14998293413280442,6.749813550555496,1.4803526483407216e-11,7.677307514353808,1.2223377351585594,32.0,5.029505700804293e-09,8.114259593642862,4.887555876199141e-16,3799,96,1.7106445566696995e-14,4.737128474690309e-10,1.6597368812654167e-07
rolling,15,IA-GTPF,ExtraTrees,ALL_SYNCHRONIZED,51660,70,0.03407769113880215,0.013155557189791972,0.05401976248766371,0.013008866529746144,0.05400674741876562,4.656456062211036,3.2169889505574584e-06,2.6235432433827035,0.6901529922083237,341.0,1.322195421085643e-07,6.05267311947158,1.4246176425256076e-09,6330,96,3.988929399071701e-08,8.364171271449392e-05,3.3054885527141076e-06
rolling,15,IA-GTPF,QuantileForest,ALL_SYNCHRONIZED,51660,70,0.00983858622985895,-0.018784720112776064,0.05051232526235778,-0.018447514118045898,0.05437020491720241,0.715627717359307,0.4742212541617217,0.7718478469407193,0.16315685462263735,1084.0,0.35363017474975467,1.2844124513978021,0.1989976785431844,6330,96,1.0,1.0,1.0
rolling,15,IA-GTPF,RandomForest,ALL_SYNCHRONIZED,51660,70,0.05626463717758393,0.020110619274235585,0.10808540928683172,0.02087163238265277,0.11063240227685696,3.5926540931144726,0.0003273269726598711,4.258905535035946,0.809787587737063,197.0,9.448581108511505e-10,6.772776134436944,1.263343616838687e-11,6330,96,3.790030850516061e-10,0.00589188550787768,3.0235459547236816e-08
rolling,15,IA-GTPF,HGB,ALL_SYNCHRONIZED,51660,70,0.06324052432698532,0.03596101465406381,0.1042754390347986,0.036750054873340605,0.10383384354829331,5.641009638609438,1.690558970609687e-08,4.761795684995733,1.0022603990266301,42.0,2.1323190962984898e-12,9.201784953675961,3.5205232570977085e-20,6330,96,1.3377988376971293e-18,5.747900500072936e-07,8.316044475564111e-11
rolling,60,IA-GTPF,ExtraTrees,ALL_SYNCHRONIZED,51538,70,0.1137969541950278,0.04661005420932796,0.19270301050094746,0.048941897405644585,0.1883843453882004,4.271468817265097,1.941896841609393e-05,6.0582382761238485,0.6877477347043931,323.0,7.403948873773709e-08,5.5867822757178836,2.313154280513976e-08,6315,96,8.096039981798916e-07,0.0006796638945632877,2.3692636396075867e-06
rolling,60,IA-GTPF,QuantileForest,ALL_SYNCHRONIZED,51538,70,0.059103000484440005,0.003329587492176256,0.14452798693692567,0.00037137536696801995,0.14374648689660494,2.1100150054242457,0.03485706340602186,3.2408475105474577,0.4112268556704003,762.0,0.004923852151013028,3.2907445538355655,0.0009992260538692593,6315,96,0.02398142529286222,0.8365695217445247,0.0886293387182345
rolling,60,IA-GTPF,RandomForest,ALL_SYNCHRONIZED,51538,70,0.1310481998375198,0.03281691399010396,0.2704724896383883,0.033192395383315434,0.2709157486908563,3.1028661089812717,0.0019165632773974696,6.913156306235221,0.6795819612237027,274.0,1.4460985831789145e-08,5.39275276301754,6.938639368253532e-08,6315,96,2.359137385206201e-06,0.05749689832192409,5.0613450411262e-07
rolling,60,IA-GTPF,HGB,ALL_SYNCHRONIZED,51538,70,0.12594716858324295,0.04718703362508746,0.2352580527928468,0.05048917148399095,0.2349338238493501,3.8669652124481013,0.00011019814027176539,6.661989733299462,0.7727289640345999,198.0,9.801792768891465e-10,6.436475426772157,1.222796209779791e-10,6315,96,4.4020663552072475e-09,0.003746736769240023,3.5286453968009274e-08
ablation,15,IA-GTPF,IA-GTPF without graph,ALL_SYNCHRONIZED,51660,70,4.162857297160965e-05,-0.005592979138606492,0.005331508726864767,-0.005928439843999023,0.005701202353929215,0.09502355535259327,0.9242961171093451,0.0032911018830139383,0.0034973865068379335,1190.0,0.7586610151516073,0.1405870651497054,0.88819616725695,6330,96,1.0,1.0,1.0
ablation,15,IA-GTPF,IA-GTPF without quality features and weights,ALL_SYNCHRONIZED,51660,70,-0.0005854906325849993,-0.0037694800726125674,0.0029361044002626318,-0.004024968199393299,0.0028394325661246977,-0.3350873113610791,0.7375592241865971,-0.046311103329825784,-0.06414622947740097,1068.0,0.3071569130146554,-0.40399928099248883,0.6862132479034797,6330,96,1.0,1.0,1.0
ablation,15,IA-GTPF,IA-GTPF without weak signal,ALL_SYNCHRONIZED,51660,70,0.0035632419377471633,-0.0008458964627997198,0.007727949925202003,-0.0009395680467939559,0.00703859966113789,2.6064735161463695,0.009147989805796921,0.2809232324380711,0.2644555022149369,843.0,0.019389999910526586,2.4528136968870156,0.014174372902735335,6330,96,0.7405864418498711,0.5122874291246275,0.9442320253352349
ablation,15,IA-GTPF,IA-GTPF without residual,ALL_SYNCHRONIZED,51660,70,0.0009026913763709619,-0.0013957405841834541,0.002917876039277794,-0.0014067219854300653,0.0028226494962394874,1.209028111204902,0.22665204566652453,0.07131708009247102,0.2089543071505994,799.0,0.009446907274287037,1.80202717549255,0.07154113007649428,6330,96,1.0,1.0,0.5006860855372129
ablation,15,IA-GTPF,IA-GTPF without probabilistic branch in point aggregation,ALL_SYNCHRONIZED,51660,70,0.032650089180682344,0.015981172636603293,0.05695650832246749,0.015833158445393333,0.057677635462221516,4.460255348347089,8.186205968424397e-06,2.5164019833147253,0.701547896436578,208.0,1.4121985550216686e-09,6.485779554958683,8.82741563494573e-11,6330,96,6.090916788112554e-09,0.0005484757998844346,9.602950174147346e-08
ablation,15,IA-GTPF,IA-GTPF without conformal calibration,ALL_SYNCHRONIZED,51660,70,0.0,0.0,0.0,0.0,0.0,0.0,1.0,0.0,0.0,0.0,1.0,0.0,1.0,6330,96,1.0,1.0,1.0
ablation,15,IA-GTPF,IA-GTPF lagged graph context,ALL_SYNCHRONIZED,51660,70,0.0002752996704243611,-0.00374766021865158,0.003978904304825945,-0.003947581483837746,0.004885756927687752,0.10489587611019005,0.9164584313040287,0.02176082076923254,0.024276787433166865,1132.0,0.5178480161669212,0.1225816372993661,0.9024383960785385,6330,96,1.0,1.0,1.0
ablation,60,IA-GTPF,IA-GTPF without graph,ALL_SYNCHRONIZED,51538,70,-0.000559224084529157,-0.008335684594339738,0.007664519702723914,-0.008766225659599232,0.007201236857278605,-0.33363576730878114,0.7386544248529334,-0.03170155281114432,-0.02372367371228319,1132.0,0.5178480161669212,-0.32653296983070895,0.7440211487460096,6315,96,1.0,1.0,1.0
ablation,60,IA-GTPF,IA-GTPF without quality features and weights,ALL_SYNCHRONIZED,51538,70,0.005904562512344374,-0.0016290932463369145,0.013996539785231401,-0.000719278284609799,0.013300018985521052,2.1628125448423154,0.030555600343123258,0.3334985503684583,0.2694693092877235,852.0,0.02229657229396593,2.3993126824038464,0.01642588156050778,6315,96,0.8307640790544091,1.0,1.0
ablation,60,IA-GTPF,IA-GTPF without weak signal,ALL_SYNCHRONIZED,51538,70,0.012900785066075388,0.0006964333657606295,0.025884326104440483,0.0010686869491407867,0.024420105807438915,2.813142433590654,0.004905991483696609,0.7257876959309693,0.3941945364634036,845.0,0.020005612660089364,3.3302594135801615,0.0008676510779853588,6315,96,0.050323762523150815,0.2992654805054932,1.0
ablation,60,IA-GTPF,IA-GTPF without residual,ALL_SYNCHRONIZED,51538,70,0.0014347512954474896,-0.001049854996383907,0.0034005931653776824,-0.0014003488784849044,0.003645885973700057,1.5263628597234533,0.12691952180553023,0.08124201089751286,0.16435028488920464,851.0,0.02195592512427301,1.4431095273444705,0.1489896199157529,6315,96,1.0,1.0,1.0
ablation,60,IA-GTPF,IA-GTPF without probabilistic branch in point aggregation,ALL_SYNCHRONIZED,51538,70,0.09544783211808044,0.019157375010732586,0.18479735031997918,0.019229896706218847,0.18496877286287983,3.201378097582784,0.0013677193330489457,5.131508758497682,0.6041704836283245,442.0,2.8040835123052553e-06,4.952869059955813,7.312718459752351e-07,6315,96,4.753266998839028e-05,0.09026947598123042,0.00018506951181214686
ablation,60,IA-GTPF,IA-GTPF without conformal calibration,ALL_SYNCHRONIZED,51538,70,0.0,0.0,0.0,0.0,0.0,0.0,1.0,0.0,0.0,0.0,1.0,0.0,1.0,6315,96,1.0,1.0,1.0
ablation,60,IA-GTPF,IA-GTPF lagged graph context,ALL_SYNCHRONIZED,51538,70,0.005275637371402001,-0.0055204507242775465,0.016724924205794717,-0.005254114675586203,0.015472142700291533,1.4544428418381083,0.14582356949886954,0.29808180123134076,0.1942448634418384,1058.0,0.28026345789085627,1.5754531127800775,0.1151518929903892,6315,96,1.0,1.0,1.0
