horizon_minutes,seed,stage,point_clipping_events,interval_clipping_events,n,MAE,RMSE,R2,coverage,width,calibration_error,interval_score,pinball_0.05,pinball_0.5,pinball_0.95,mean_pinball,WIS_single_90_interval
15,11,pre_clip,20,374,32527,0.9850498466449786,2.5426160036854437,0.9894557849698508,0.9115504042795216,13.62825489045512,0.011550404279521587,15.125297860616108,0.539640586153534,0.5075367132877536,0.2166243068772716,0.42126720210618646,0.8425344042123727
15,11,post_clip,20,374,32527,0.9853983373877563,2.542919938850716,0.9894532639841607,0.9099824760967812,13.552147544912271,0.009982476096781157,15.091030621510615,0.539640586153534,0.5074927319950239,0.21491094492199692,0.4206814210235182,0.8413628420470366
15,23,pre_clip,22,374,32527,0.9772825710011062,2.5345118380295513,0.9895228937138126,0.9116426353490946,13.62825489045512,0.011642635349094599,15.13442097639395,0.5398168492997842,0.50847970330906,0.21690419951991355,0.4217335840429192,0.8434671680858384
15,23,post_clip,22,374,32527,0.9776978284454004,2.534843369052315,0.9895201525840313,0.9100747071663541,13.552149489094978,0.010074707166354058,15.100155681471161,0.5398168492997842,0.5084359954642597,0.21519093477377416,0.42114792651260596,0.8422958530252119
15,37,pre_clip,23,374,32527,0.9850534494633744,2.5441628984567433,0.9894429511383077,0.9114581732099487,13.62825489045512,0.011458173209948685,15.13628967432505,0.5399415818931476,0.5083397209777452,0.21687290182310495,0.42171806823133257,0.8434361364626649
15,37,post_clip,23,374,32527,0.9854679838597761,2.544509233421538,0.9894400766965721,0.9098902450272082,13.552143012879188,0.009890245027208144,15.102017903186471,0.5399415818931476,0.5082957585989143,0.21515931326617602,0.42113221791941263,0.8422644358388253
15,53,pre_clip,15,374,32527,0.9818279195928455,2.5436062462362554,0.9894475703093568,0.9120423033172441,13.62825489045512,0.012042303317244096,15.129280245093218,0.5397504975386872,0.5080579014896203,0.21671351471597386,0.4215073045814271,0.8430146091628541
15,53,post_clip,15,374,32527,0.9820767100521184,2.543803694332462,0.9894459319755745,0.9104743751345037,13.55216486108888,0.010474375134503666,15.095030322164332,0.5397504975386872,0.5080105781636541,0.21500101856952952,0.42092069809062355,0.8418413961812473
15,71,pre_clip,31,374,32527,0.980687584511337,2.537705217382593,0.9894964756463638,0.9117348664186675,13.62825489045512,0.0117348664186675,15.137730609246193,0.5397241497185228,0.5086119891366143,0.2171623807437869,0.421832839866308,0.843665679732616
15,71,post_clip,31,374,32527,0.9811360758155825,2.5380744216033237,0.9894934191624243,0.9101669382359271,13.552146126255641,0.01016693823592707,15.103461951484068,0.5397241497185228,0.5085694924238522,0.21544894785568072,0.4212475299993519,0.8424950599987037
60,11,pre_clip,0,54,32504,1.3988611043001595,4.205292982098193,0.9711721754873978,0.9251476741324145,14.653551520303273,0.025147674132414477,17.695447064279307,0.561512887676044,0.7338139726615092,0.3232594655379216,0.5395287752918249,1.0790575505836497
60,11,post_clip,0,54,32504,1.3988611043001595,4.205292982098193,0.9711721754873978,0.9251476741324145,14.652475661306733,0.025147674132414477,17.694371205282764,0.5615103977229998,0.7338139726615092,0.3232081625411387,0.5395108443085492,1.0790216886170987
60,23,pre_clip,0,54,32504,1.3814487548766579,4.181633052391935,0.9714956466844885,0.9252092050209205,14.653551520303273,0.0252092050209205,17.688857275081922,0.5612017721262766,0.7329799447471703,0.32324109162781944,0.5391409361670888,1.0782818723341776
60,23,post_clip,0,54,32504,1.3814487548766579,4.181633052391935,0.9714956466844885,0.9252092050209205,14.652476064950744,0.0252092050209205,17.687781819729388,0.5611993060985697,0.7329799447471703,0.32318978488789996,0.5391230119112133,1.0782460238224265
60,37,pre_clip,3,55,32504,1.4008263354877304,4.224235020002493,0.9709118903848983,0.9250246123554025,14.653551520303271,0.02502461235540243,17.71657152903178,0.5614716277336895,0.7332833530310199,0.32435694871789944,0.539703976494203,1.0794079529884058
60,37,post_clip,3,55,32504,1.4008135639025587,4.2242257470475035,0.970912018092014,0.9250246123554025,14.652471908035798,0.02502461235540243,17.715491916764307,0.5614691627109663,0.7332833530310199,0.3243054331272492,0.5396859829564118,1.0793719659128234
60,53,pre_clip,0,53,32504,1.3972321357040682,4.1992878000658385,0.9712544492928054,0.9252707359094265,14.653551520303273,0.025270735909426523,17.697197612412012,0.5612622216627624,0.7343607178964663,0.32359765895783826,0.539740199505689,1.079480399011378
60,53,post_clip,0,53,32504,1.3972321357040682,4.1992878000658385,0.9712544492928054,0.9252707359094265,14.652476653683411,0.025270735909426523,17.696122745792152,0.5612598090583576,0.7343607178964663,0.32354632823125007,0.5397222850620246,1.0794445701240492
60,71,pre_clip,0,53,32504,1.3916408251559393,4.198107523027225,0.9712706058160606,0.9255476249077037,14.653551520303273,0.02554762490770368,17.658976955916554,0.560830376830898,0.7324256092888568,0.32211847096492985,0.5384581523615616,1.0769163047231232
60,71,post_clip,0,53,32504,1.3916408251559393,4.198107523027225,0.9712706058160606,0.9255476249077037,14.652457808697141,0.02554762490770368,17.657883244310423,0.5608279954574336,0.7324256092888568,0.3220661667580878,0.5384399238347927,1.0768798476695856
