model,horizon_minutes,seed,method,n,coverage,width,calibration_error,interval_score,pinball_0.05,pinball_0.5,pinball_0.95,mean_pinball,WIS_single_90_interval
QuantileHGB,15,0,native_interval,32527,0.9069388508008731,13.714536735893171,0.0069388508008730865,15.228220275200833,0.5461939478887953,0.5155960426177694,0.21521706587124656,0.4256690187926037,0.8513380375852072
Conformalized ExtraTrees,15,11,native_interval,32527,0.9245242413994528,7.26235512229205,0.02452424139945275,12.58747752829709,0.30729439201584596,0.49547981869180985,0.32207948439900863,0.3749512317022215,0.7499024634044429
IA-GTPF,15,11,raw_quantiles_pre_clip,32527,0.9115504042795216,13.62825489045512,0.011550404279521587,15.125297860616108,0.539640586153534,0.5075367132877536,0.2166243068772716,0.42126720210618646,0.8425344042123727
IA-GTPF,15,11,dedicated_conformal_pre_clip,32527,0.9115504042795216,13.62825489045512,0.011550404279521587,15.125297860616108,0.539640586153534,0.5075367132877536,0.2166243068772716,0.42126720210618646,0.8425344042123727
IA-GTPF,15,11,dedicated_conformal_post_clip,32527,0.9099824760967812,13.552147544912271,0.009982476096781157,15.091030621510615,0.539640586153534,0.5074927319950239,0.21491094492199692,0.4206814210235182,0.8413628420470366
IA-GTPF,15,11,adaptive_conformal_pre_clip,32527,0.9341470163248993,13.7501890678353,0.03414701632489925,14.995458846746203,0.5411848437052158,0.5075367132877536,0.2085880986320946,0.4191032185416881,0.8382064370833757
QuantileForest,15,11,native_interval,32527,0.9153011344421558,5.527512712321364,0.01530113444215575,6.953969915160263,0.13104147360223828,0.49082063342948856,0.21665702215577495,0.2795063763958339,0.5590127527916678
Conformalized ExtraTrees,15,23,native_interval,32527,0.9226488763181357,7.334925489674006,0.022648876318135724,12.701462929095111,0.3096666832796661,0.5036242450233903,0.3254064631750897,0.37956579715938205,0.7591315943187641
IA-GTPF,15,23,raw_quantiles_pre_clip,32527,0.9116426353490946,13.62825489045512,0.011642635349094599,15.13442097639395,0.5398168492997842,0.50847970330906,0.21690419951991355,0.4217335840429192,0.8434671680858384
IA-GTPF,15,23,dedicated_conformal_pre_clip,32527,0.9116426353490946,13.62825489045512,0.011642635349094599,15.13442097639395,0.5398168492997842,0.50847970330906,0.21690419951991355,0.4217335840429192,0.8434671680858384
IA-GTPF,15,23,dedicated_conformal_post_clip,32527,0.9100747071663541,13.552149489094978,0.010074707166354058,15.100155681471161,0.5398168492997842,0.5084359954642597,0.21519093477377416,0.42114792651260596,0.8422958530252119
IA-GTPF,15,23,adaptive_conformal_pre_clip,32527,0.9342392473944723,13.750175934589763,0.03423924739447226,15.004581500241796,0.5413597134322111,0.50847970330906,0.20886936157987882,0.4195695927737167,0.8391391855474333
QuantileForest,15,23,native_interval,32527,0.9165001383466044,5.4999664656185505,0.016500138346604354,6.8807964990532655,0.1315350249170889,0.4826977714885644,0.21250480003557448,0.2755791988137426,0.5511583976274851
Conformalized ExtraTrees,15,37,native_interval,32527,0.9180065791496296,7.463996672691835,0.018006579149629554,13.181362843806328,0.33035903471031325,0.5218044818506934,0.3287091074800033,0.39362420801367,0.7872484160273397
IA-GTPF,15,37,raw_quantiles_pre_clip,32527,0.9114581732099487,13.62825489045512,0.011458173209948685,15.13628967432505,0.5399415818931476,0.5083397209777452,0.21687290182310495,0.42171806823133257,0.8434361364626649
IA-GTPF,15,37,dedicated_conformal_pre_clip,32527,0.9114581732099487,13.62825489045512,0.011458173209948685,15.13628967432505,0.5399415818931476,0.5083397209777452,0.21687290182310495,0.42171806823133257,0.8434361364626649
IA-GTPF,15,37,dedicated_conformal_post_clip,32527,0.9098902450272082,13.552143012879188,0.009890245027208144,15.102017903186471,0.5399415818931476,0.5082957585989143,0.21515931326617602,0.42113221791941263,0.8422644358388253
IA-GTPF,15,37,adaptive_conformal_pre_clip,32527,0.9341777600147569,13.750173027806797,0.03417776001475692,15.006523855978756,0.5414786440884856,0.5083397209777452,0.20884754871045239,0.41955530459222773,0.8391106091844551
QuantileForest,15,37,native_interval,32527,0.915823777169736,5.523808862736283,0.01582377716973593,6.936611735004691,0.13302592527843793,0.4827826104117063,0.2138046614717968,0.27653773238731366,0.5530754647746272
Conformalized ExtraTrees,15,53,native_interval,32527,0.9259999385126203,7.271825725650544,0.02599993851262028,12.706227598880583,0.3079014412638463,0.494558871277398,0.32740993868018303,0.37662341707380914,0.7532468341476183
IA-GTPF,15,53,raw_quantiles_pre_clip,32527,0.9120423033172441,13.62825489045512,0.012042303317244096,15.129280245093218,0.5397504975386872,0.5080579014896203,0.21671351471597386,0.4215073045814271,0.8430146091628541
IA-GTPF,15,53,dedicated_conformal_pre_clip,32527,0.9120423033172441,13.62825489045512,0.012042303317244096,15.129280245093218,0.5397504975386872,0.5080579014896203,0.21671351471597386,0.4215073045814271,0.8430146091628541
IA-GTPF,15,53,dedicated_conformal_post_clip,32527,0.9104743751345037,13.55216486108888,0.010474375134503666,15.095030322164332,0.5397504975386872,0.5080105781636541,0.21500101856952952,0.42092069809062355,0.8418413961812473
IA-GTPF,15,53,adaptive_conformal_pre_clip,32527,0.9344544532234759,13.750197078829851,0.034454453223475845,14.999349522536328,0.5413007026620493,0.5080579014896203,0.20866677346476725,0.41934179253881226,0.8386835850776245
QuantileForest,15,53,native_interval,32527,0.9156085713407324,5.508237876342975,0.015608571340732347,6.939444859524901,0.13227127383606532,0.4839315237379604,0.21470096914017986,0.27696792223806854,0.553935844476137
Conformalized ExtraTrees,15,71,native_interval,32527,0.9267070433793464,7.205754263952186,0.026707043379346374,12.492012582726016,0.29872444357813366,0.48766412395132197,0.3258761855581672,0.37075491769587426,0.7415098353917485
IA-GTPF,15,71,raw_quantiles_pre_clip,32527,0.9117348664186675,13.62825489045512,0.0117348664186675,15.137730609246193,0.5397241497185228,0.5086119891366143,0.2171623807437869,0.421832839866308,0.843665679732616
IA-GTPF,15,71,dedicated_conformal_pre_clip,32527,0.9117348664186675,13.62825489045512,0.0117348664186675,15.137730609246193,0.5397241497185228,0.5086119891366143,0.2171623807437869,0.421832839866308,0.843665679732616
IA-GTPF,15,71,dedicated_conformal_post_clip,32527,0.9101669382359271,13.552146126255641,0.01016693823592707,15.103461951484068,0.5397241497185228,0.5085694924238522,0.21544894785568072,0.4212475299993519,0.8424950599987037
IA-GTPF,15,71,adaptive_conformal_pre_clip,32527,0.934362222153903,13.750179684581166,0.034362222153902944,15.007900451883774,0.5412664766289847,0.5086119891366143,0.2091285459652042,0.41966900391026773,0.8393380078205354
QuantileForest,15,71,native_interval,32527,0.917791373320626,5.527609594868932,0.01779137332062597,6.909413040711897,0.13201666581068036,0.48363105265258377,0.21345398622491468,0.2763672348960596,0.5527344697921192
QuantileHGB,60,0,native_interval,32504,0.9051809008122077,14.645944821288717,0.005180900812207678,17.69931453534958,0.5533751834595402,0.7285605284176208,0.3315905433079391,0.5378420850617001,1.0756841701234
Conformalized ExtraTrees,60,11,native_interval,32504,0.9153027319714496,9.98127103813261,0.015302731971449601,20.439855133423723,0.5202630910189673,0.7706829518450155,0.5017296656522193,0.5975585695054008,1.1951171390108015
IA-GTPF,60,11,raw_quantiles_pre_clip,32504,0.9251476741324145,14.653551520303273,0.025147674132414477,17.695447064279307,0.561512887676044,0.7338139726615092,0.3232594655379216,0.5395287752918249,1.0790575505836497
IA-GTPF,60,11,dedicated_conformal_pre_clip,32504,0.9251476741324145,14.653551520303273,0.025147674132414477,17.695447064279307,0.561512887676044,0.7338139726615092,0.3232594655379216,0.5395287752918249,1.0790575505836497
IA-GTPF,60,11,dedicated_conformal_post_clip,32504,0.9251476741324145,14.652475661306733,0.025147674132414477,17.694371205282764,0.5615103977229998,0.7338139726615092,0.3232081625411387,0.5395108443085492,1.0790216886170987
IA-GTPF,60,11,adaptive_conformal_pre_clip,32504,0.9417302485847896,14.836576694281097,0.041730248584789575,17.619752319674248,0.5658449327286529,0.7338139726615092,0.31514268325505995,0.5382671962150739,1.0765343924301478
QuantileForest,60,11,native_interval,32504,0.9245015998031012,7.711534579181664,0.02450159980310118,9.62048488579308,0.16992962368647893,0.7454388598191171,0.3110946206031753,0.40882103470292375,0.8176420694058474
Conformalized ExtraTrees,60,23,native_interval,32504,0.9029657888259907,9.790341677936098,0.002965788825990634,21.668141062290253,0.5829878209064739,0.8152299151315456,0.5004192322080386,0.6328789894153527,1.2657579788307056
IA-GTPF,60,23,raw_quantiles_pre_clip,32504,0.9252092050209205,14.653551520303273,0.0252092050209205,17.688857275081922,0.5612017721262766,0.7329799447471703,0.32324109162781944,0.5391409361670888,1.0782818723341776
IA-GTPF,60,23,dedicated_conformal_pre_clip,32504,0.9252092050209205,14.653551520303273,0.0252092050209205,17.688857275081922,0.5612017721262766,0.7329799447471703,0.32324109162781944,0.5391409361670888,1.0782818723341776
IA-GTPF,60,23,dedicated_conformal_post_clip,32504,0.9252092050209205,14.652476064950744,0.0252092050209205,17.687781819729388,0.5611993060985697,0.7329799447471703,0.32318978488789996,0.5391230119112133,1.0782460238224265
IA-GTPF,60,23,adaptive_conformal_pre_clip,32504,0.9417610140290426,14.836435967922034,0.04176101402904253,17.613232733441613,0.5655302650147626,0.7329799447471703,0.31513137165731814,0.5378805271397503,1.0757610542795006
QuantileForest,60,23,native_interval,32504,0.9253937976864386,7.73354126516374,0.02539379768643857,9.621758512843186,0.17005497129162125,0.7405431375159812,0.31103295435053824,0.40721035438604697,0.8144207087720936
Conformalized ExtraTrees,60,37,native_interval,32504,0.9025966034949545,9.714192662137563,0.002596603494954497,22.002293127928628,0.590618847151499,0.8210763476476914,0.5094958092449327,0.640397001348041,1.280794002696082
IA-GTPF,60,37,raw_quantiles_pre_clip,32504,0.9250246123554025,14.653551520303271,0.02502461235540243,17.71657152903178,0.5614716277336895,0.7332833530310199,0.32435694871789944,0.539703976494203,1.0794079529884058
IA-GTPF,60,37,dedicated_conformal_pre_clip,32504,0.9250246123554025,14.653551520303271,0.02502461235540243,17.71657152903178,0.5614716277336895,0.7332833530310199,0.32435694871789944,0.539703976494203,1.0794079529884058
IA-GTPF,60,37,dedicated_conformal_post_clip,32504,0.9250246123554025,14.652471908035798,0.02502461235540243,17.715491916764307,0.5614691627109663,0.7332833530310199,0.3243054331272492,0.5396859829564118,1.0793719659128234
IA-GTPF,60,37,adaptive_conformal_pre_clip,32504,0.9416071868077776,14.836713346997875,0.04160718680777753,17.64077875940155,0.5658066821174571,0.7332833530310199,0.3162322558526206,0.5384407636670326,1.076881527334065
QuantileForest,60,37,native_interval,32504,0.9250861432439085,7.807969703443933,0.025086143243908454,9.689342963122806,0.1678192371011437,0.7373008916703224,0.3166479110549968,0.40725601327548766,0.8145120265509752
Conformalized ExtraTrees,60,53,native_interval,32504,0.905734678808762,9.73940170092967,0.005734678808761995,20.809624913334215,0.550055411775143,0.7890619157115062,0.49042583389156785,0.6098477204594057,1.2196954409188117
IA-GTPF,60,53,raw_quantiles_pre_clip,32504,0.9252707359094265,14.653551520303273,0.025270735909426523,17.697197612412012,0.5612622216627624,0.7343607178964663,0.32359765895783826,0.539740199505689,1.079480399011378
IA-GTPF,60,53,dedicated_conformal_pre_clip,32504,0.9252707359094265,14.653551520303273,0.025270735909426523,17.697197612412012,0.5612622216627624,0.7343607178964663,0.32359765895783826,0.539740199505689,1.079480399011378
IA-GTPF,60,53,dedicated_conformal_post_clip,32504,0.9252707359094265,14.652476653683411,0.025270735909426523,17.696122745792152,0.5612598090583576,0.7343607178964663,0.32354632823125007,0.5397222850620246,1.0794445701240492
IA-GTPF,60,53,adaptive_conformal_pre_clip,32504,0.9418225449175486,14.836064255291678,0.041822544917548554,17.621876044979274,0.5655818276356877,0.7343607178964663,0.3155119746132762,0.5384848400484766,1.0769696800969533
QuantileForest,60,53,native_interval,32504,0.9242862416933301,7.634539389637816,0.024286241693330046,9.543832497700507,0.16697884777817817,0.7375101258087596,0.31021277710684736,0.4049005835645951,0.8098011671291899
Conformalized ExtraTrees,60,71,native_interval,32504,0.9129953236524735,9.790796847536853,0.012995323652473467,20.320730201609344,0.5191197895774263,0.762825888988256,0.49691672050304114,0.5929541330229078,1.1859082660458153
IA-GTPF,60,71,raw_quantiles_pre_clip,32504,0.9255476249077037,14.653551520303273,0.02554762490770368,17.658976955916554,0.560830376830898,0.7324256092888568,0.32211847096492985,0.5384581523615616,1.0769163047231232
IA-GTPF,60,71,dedicated_conformal_pre_clip,32504,0.9255476249077037,14.653551520303273,0.02554762490770368,17.658976955916554,0.560830376830898,0.7324256092888568,0.32211847096492985,0.5384581523615616,1.0769163047231232
IA-GTPF,60,71,dedicated_conformal_post_clip,32504,0.9255476249077037,14.652457808697141,0.02554762490770368,17.657883244310423,0.5608279954574336,0.7324256092888568,0.3220661667580878,0.5384399238347927,1.0768798476695856
IA-GTPF,60,71,adaptive_conformal_pre_clip,32504,0.9420071375830666,14.83539942661714,0.04200713758306662,17.585956408032065,0.5651331824582354,0.7324256092888568,0.3141646379433678,0.5372411432301534,1.0744822864603065
QuantileForest,60,71,native_interval,32504,0.9275473787841496,7.653367168240602,0.02754737878414959,9.479976611837753,0.16789612718763147,0.7434739786600102,0.3061027034042564,0.4058242697506327,0.8116485395012653
