model,horizon_minutes,reference,MAE_mean,MAE_std,RMSE_mean,RMSE_std,R2_mean,R2_std,n_seeds,n_min,n_max
Conformalized ExtraTrees,15,measured,1.0012526163178452,0.026245400167273215,2.5542333100338266,0.03799351483831589,0.989357327549939,0.00031861229032667727,5,32527,32527
Conformalized ExtraTrees,60,measured,1.5835508077296059,0.05195178887278361,4.4589510210460235,0.09088938151546302,0.9675787997389996,0.0013263656585575804,5,32504,32504
DLinear-lite,15,measured,1.6097406115479036,0.6898134337386728,3.929730779590881,2.0743485199195253,0.969198456277787,0.036003846269848344,5,32527,32527
DLinear-lite,60,measured,1.9841012867987406,0.6382049204403331,5.40413515171781,1.7746372321465214,0.948285860726912,0.03815251504549637,5,32504,32504
ExtraTrees,15,measured,1.0012526163178452,0.026245400167273215,2.5542333100338266,0.03799351483831589,0.989357327549939,0.00031861229032667727,5,32527,32527
ExtraTrees,60,measured,1.5835508077296059,0.05195178887278361,4.4589510210460235,0.09088938151546302,0.9675787997389996,0.0013263656585575804,5,32504,32504
GRU-lite,15,measured,1.0833844535634272,0.023023238047924426,2.6808013093918093,0.054759844148867615,0.988274620754763,0.0004766467590127819,5,32527,32527
GRU-lite,60,measured,1.5581081689301857,0.04259519630676034,4.36418905741763,0.0584770965981175,0.9689480527682879,0.000837322473253321,5,32504,32504
GraphTemporalMLP-lite,15,measured,1.1968924159084633,0.033023275358427424,2.811071395102251,0.06095804477138059,0.9871068272898048,0.0005626736923370114,5,32527,32527
GraphTemporalMLP-lite,60,measured,1.6572230038736335,0.03675135755290273,4.420668622897604,0.04457178420070822,0.9681411134573757,0.0006441661485115378,5,32504,32504
HGB,15,measured,1.0560068629887256,,2.6491040378296207,,0.9885540793491896,,1,32527,32527
HGB,60,measured,1.5099205181917843,,4.31090753809901,,0.9697059896871758,,1,32504,32504
IA-GTPF,15,measured,0.9823553871121267,0.003248270253884512,2.540830131452071,0.004188687839599095,0.9894705688805526,3.4701904998943426e-05,5,32527,32527
IA-GTPF,60,measured,1.3939992767878766,0.007803863574484723,4.2017094209261385,0.015343771881971564,0.9712209790745533,0.00021027603511863168,5,32504,32504
PatchTST-lite,15,measured,1.2437374833407389,0.04564011669920172,2.9253738363194572,0.06552696484811173,0.9860366464588081,0.0006239900781090404,5,32527,32527
PatchTST-lite,60,measured,1.6697610782092607,0.023846057102739647,4.455940452038592,0.05794487719981224,0.967628944670295,0.0008416597851158138,5,32504,32504
Persistence,15,measured,1.033784417723947,,2.6691473160108727,,0.9883802230963178,,1,32527,32527
Persistence,60,measured,1.5130599477339897,,4.67933868336809,,0.9643065676453128,,1,32504,32504
QuantileForest,15,measured,0.9695454366881215,0.00684501423172573,2.54732864765736,0.006784865794447195,0.9894166020626175,5.645151285295272e-05,5,32527,32527
QuantileForest,60,measured,1.4817067973896763,0.007196383454573627,4.426510989923359,0.03178965382851337,0.9680581279689144,0.0004601362451197266,5,32504,32504
QuantileHGB,15,measured,1.0311920852355387,,2.6734006575300726,,0.9883431608798996,,1,32527,32527
QuantileHGB,60,measured,1.4571210568352415,,4.358374440213432,,0.969035189197864,,1,32504,32504
RandomForest,15,measured,1.0242569236504522,0.011003194298343441,2.5676947850724994,0.016408443992108668,0.9892464047178366,0.00013779314314733756,5,32527,32527
RandomForest,60,measured,1.4837355183072278,0.007524110154007065,4.251683958031493,0.025104700733959453,0.9705318131513071,0.0003483104484162096,5,32504,32504
Ridge,15,measured,1.087871543468543,,2.571565907495969,,0.9892143078437806,,1,32527,32527
Ridge,60,measured,1.819630803699864,,4.2340776988060815,,0.970776178962131,,1,32504,32504
STGCN,15,measured,1.315620020329551,0.07131978601895778,3.2524080536817266,0.18618618094956293,0.9827018429495151,0.0019828561858710415,5,32527,32527
STGCN,60,measured,1.8528954512304137,0.09212843025503094,4.914595300622651,0.2227779591828491,0.9605626069919635,0.003476908193080552,5,32504,32504
Seasonal Persistence,15,measured,2.6343254197118164,,9.517885045090804,,0.8522479170965701,,1,32527,32527
Seasonal Persistence,60,measured,2.636044049751854,,9.521034006715055,,0.8522295535185286,,1,32504,32504
TCN-lite,15,measured,1.214896514397958,0.05604287800621202,2.8628106397241337,0.11899255928600355,0.9866144020136545,0.0011200934774615407,5,32527,32527
TCN-lite,60,measured,1.717717862344945,0.0670165053683047,4.593925783279685,0.11147782470527874,0.9655815075887167,0.0016627241231281047,5,32504,32504
