model,horizon_minutes,method,coverage_mean,coverage_std,width_mean,width_std,calibration_error_mean,calibration_error_std,interval_score_mean,interval_score_std,pinball_0.05_mean,pinball_0.05_std,pinball_0.5_mean,pinball_0.5_std,pinball_0.95_mean,pinball_0.95_std,mean_pinball_mean,mean_pinball_std,WIS_single_90_interval_mean,WIS_single_90_interval_std,n_seeds,n_min,n_max
Conformalized ExtraTrees,15,native_interval,0.9235773357518369,0.0034805197283163947,7.307771454852125,0.09862290079683333,0.023577335751836882,0.0034805197283163817,12.733708696561026,0.265513559827878,0.31078919896956103,0.011729766144937712,0.5006263081589226,0.013122700083636639,0.32589623585849037,0.002500570634421163,0.3791039143289914,0.00872002936993007,0.7582078286579828,0.01744005873986004,5,32527,32527
Conformalized ExtraTrees,60,native_interval,0.907919025350726,0.005872010392646645,9.803200785334559,0.10490590833395701,0.007919025350725981,0.005872010392646619,21.048128887717233,0.7501390618457441,0.5526089920859019,0.03369691045001911,0.7917754038648029,0.025975894436391804,0.4997974522999599,0.00696964908376192,0.6147272827502216,0.021101325784349846,1.2294545655004432,0.042202651568699824,5,32504,32504
IA-GTPF,15,adaptive_conformal_pre_clip,0.9342761398223015,0.00012934290877103071,13.750182958728576,9.942085039657301e-06,0.0342761398223014,0.00012934290877096387,15.002762835477373,0.005216485303703999,0.5413180761033893,0.00010980774009056334,0.5082052056401587,0.00042646708467857864,0.20882006567047942,0.00020955470862777287,0.41944778247134246,0.00022654792467652424,0.8388955649426848,0.0004530958493531328,5,32527,32527
IA-GTPF,15,dedicated_conformal_post_clip,0.9101177483321548,0.0002244499922949552,13.552150206846193,8.52572970877858e-06,0.010117748332154761,0.0002244499922949483,15.098339295963331,0.005182640177977487,0.5397747329207352,0.0001126429516423931,0.5081609113291409,0.00042715841958840587,0.21514223187743142,0.0002062603278322146,0.4210259587091024,0.00022641058727472662,0.8420519174182048,0.0004528211745493063,5,32527,32527
IA-GTPF,15,dedicated_conformal_pre_clip,0.9116856765148953,0.00022444999229484077,13.62825489045512,0.0,0.01168567651489522,0.00022444999229492317,15.132603873134903,0.005186394222058643,0.5397747329207352,0.0001126429516423931,0.5082052056401587,0.00042646708467857864,0.2168554607360101,0.00020643420910969838,0.4216117997656347,0.0002261912429344909,0.8432235995312691,0.0004523824858689809,5,32527,32527
IA-GTPF,15,raw_quantiles_pre_clip,0.9116856765148953,0.00022444999229484077,13.62825489045512,0.0,0.01168567651489522,0.00022444999229492317,15.132603873134903,0.005186394222058643,0.5397747329207352,0.0001126429516423931,0.5082052056401587,0.00042646708467857864,0.2168554607360101,0.00020643420910969838,0.4216117997656347,0.0002261912429344909,0.8432235995312691,0.0004523824858689809,5,32527,32527
IA-GTPF,60,adaptive_conformal_pre_clip,0.9417856263844449,0.00014658047316722423,14.836237938221965,0.000527553884835185,0.04178562638444492,0.00014658047316722718,17.61631925310575,0.019826499280189095,0.5655793779909591,0.0002844710104946508,0.7333727195250045,0.0007466795343806976,0.31523658466432847,0.0007476894012993518,0.5380628940600973,0.0005174686820555651,1.0761257881201947,0.001034937364111296,5,32504,32504
IA-GTPF,60,dedicated_conformal_post_clip,0.9252399704651735,0.00019457775413289052,14.652471619334765,7.941391015162554e-06,0.025239970465173477,0.000194577754132914,17.690330186375807,0.02087040055018655,0.5612533342096654,0.0002722763331919911,0.7333727195250045,0.0007466795343806976,0.3232631751091251,0.0008074216628525126,0.5392964096145982,0.0005344984045557666,1.0785928192291965,0.001068996809111452,5,32504,32504
IA-GTPF,60,dedicated_conformal_pre_clip,0.9252399704651735,0.00019457775413289052,14.653551520303273,0.0,0.025239970465173477,0.000194577754132914,17.691410087344316,0.02086453714818401,0.5612557772059341,0.0002723145253681467,0.7333727195250045,0.0007466795343806976,0.3233147271612817,0.000807121598753279,0.5393144079640735,0.000534387862176901,1.078628815928147,0.0010687757243537598,5,32504,32504
IA-GTPF,60,raw_quantiles_pre_clip,0.9252399704651735,0.00019457775413289052,14.653551520303273,0.0,0.025239970465173477,0.000194577754132914,17.691410087344316,0.02086453714818401,0.5612557772059341,0.0002723145253681467,0.7333727195250045,0.0007466795343806976,0.3233147271612817,0.000807121598753279,0.5393144079640735,0.000534387862176901,1.078628815928147,0.0010687757243537598,5,32504,32504
QuantileForest,15,native_interval,0.9162049989239709,0.0009901663868502018,5.517427102377622,0.01260401977244112,0.01620499892397082,0.000990166386850184,6.924047209891003,0.029047831639143377,0.1319780726889021,0.0007514919441337384,0.48477271834406066,0.003422507115862859,0.2142242878056481,0.0015709480011885184,0.2769916929462036,0.0014929304754461813,0.5539833858924073,0.0029858609508924177,5,32527,32527
QuantileForest,60,native_interval,0.9253630322421855,0.0012990888709523104,7.708190421133551,0.06899242234227357,0.0253630322421855,0.0012990888709523,9.591079094259467,0.08068103511826247,0.16853576140901066,0.0013781663352772824,0.7408533986948381,0.0035981917272868225,0.31101819330396274,0.003758673874571995,0.4068024511359372,0.0015017258716448728,0.8136049022718742,0.003003451743289903,5,32504,32504
QuantileHGB,15,native_interval,0.9069388508008732,,13.714536735893171,,0.006938850800873,,15.228220275200831,,0.5461939478887953,,0.5155960426177694,,0.2152170658712465,,0.4256690187926037,,0.8513380375852072,,1,32527,32527
QuantileHGB,60,native_interval,0.9051809008122076,,14.645944821288715,,0.0051809008122076,,17.69931453534958,,0.5533751834595402,,0.7285605284176208,,0.3315905433079391,,0.5378420850617001,,1.0756841701234,,1,32504,32504
