model,horizon_minutes,MAE_mean_across_origins,MAE_std_across_origins,RMSE_mean_across_origins,RMSE_std_across_origins,R2_mean_across_origins,R2_std_across_origins,n_origins,n_seeds,n_runs
Conformalized ExtraTrees,15,1.2954216724351688,0.167433637198103,3.4827921969589255,0.4386179200315782,0.9823237875720867,0.006819368307365292,5,5,25
Conformalized ExtraTrees,60,1.8726035523186932,0.33199398927887475,5.184355837410567,0.8903490821754959,0.9620992602362592,0.011180520792641641,5,5,25
ExtraTrees,15,1.2954216724351688,0.167433637198103,3.4827921969589255,0.4386179200315782,0.9823237875720867,0.006819368307365292,5,5,25
ExtraTrees,60,1.8726035523186932,0.33199398927887475,5.184355837410567,0.8903490821754959,0.9620992602362592,0.011180520792641641,5,5,25
HGB,15,1.3241090246337175,0.20187485070463762,3.518166036516636,0.5674349573553717,0.9823476233759628,0.005753312051814748,5,1,5
HGB,60,1.8839543848075824,0.38045146554390347,5.161067975507547,1.0654081874263788,0.963047115870259,0.009582819087803021,5,1,5
IA-GTPF,15,1.2614325559883213,0.1640073463261414,3.4359793335100357,0.4418116770047164,0.9829306496100049,0.006204302343221419,5,5,25
IA-GTPF,60,1.7595390266809452,0.2767630090040493,5.034376517979266,0.9066932577739997,0.9647427579202645,0.00881940449717929,5,5,25
Persistence,15,1.3694507561864622,0.1553657213679239,3.6738288079294916,0.3870934387963718,0.9804014697599304,0.007091132975230437,5,1,5
Persistence,60,2.0254028608947268,0.30592824488697373,5.791985439212008,1.017241300773465,0.9541343085520421,0.006358200121095526,5,1,5
QuantileForest,15,1.2705059344822793,0.20216636443063002,3.4889309248168723,0.5385601256452875,0.9826066234204365,0.0056604019757216205,5,5,25
QuantileForest,60,1.817577360496994,0.35074261528499906,5.269004547604969,1.1038979656685026,0.961586820466257,0.009849432974760115,5,5,25
QuantileHGB,15,1.2921626746552382,0.1636799747986357,3.5521429539657148,0.4432375349650362,0.9818483992814929,0.0063474136889022014,5,1,5
QuantileHGB,60,1.7984586120374768,0.2856792695571732,5.3054806169441395,1.013729113441623,0.9611871056519072,0.008843399916622693,5,1,5
RandomForest,15,1.316810868908704,0.21251490567050493,3.5193892677081764,0.567390301449104,0.9822567845117295,0.006010286581614215,5,5,25
RandomForest,60,1.8889125877918278,0.4024130655551909,5.2604759186865495,1.1080990422505803,0.9612844500357391,0.011633096618125536,5,5,25
Seasonal Persistence,15,3.454885458876079,0.6581661196520281,11.160208565676259,2.2626916992166017,0.8302232725113983,0.031194723337458985,5,1,5
Seasonal Persistence,60,3.4661188011053974,0.6440363251842491,11.168913980580614,2.2324346043765013,0.8295507789992224,0.032191598908763636,5,1,5
