cohort,scope,model,horizon_minutes,reference,MAE_mean,MAE_std,RMSE_mean,RMSE_std,R2_mean,R2_std,n_seeds,n_min,n_max
public1,all_ten_sites,Conformalized ExtraTrees,15,measured,1.2105336376826554,0.0027018933923448445,3.2018982112462036,0.008047247230790863,0.9848068606069337,7.64031772122137e-05,5,23295,23295
public1,all_ten_sites,Conformalized ExtraTrees,15,raw_unscreened,1.2105336376826554,0.0027018933923448445,3.2018982112462036,0.008047247230790863,0.9848068606069337,7.64031772122137e-05,5,23295,23295
public1,all_ten_sites,Conformalized ExtraTrees,15,supplier_interpolated,2.1280044790766253,0.08883934151932413,3.218871596659917,0.12683055581150954,0.0683613516402296,0.07361029292374247,5,851,851
public1,all_ten_sites,Conformalized ExtraTrees,60,measured,1.729196334069292,0.013486553853691135,4.662523722629681,0.022000216979262036,0.967801899086103,0.0003041463257759967,5,23273,23273
public1,all_ten_sites,Conformalized ExtraTrees,60,raw_unscreened,1.729196334069292,0.013486553853691135,4.662523722629681,0.022000216979262036,0.967801899086103,0.0003041463257759967,5,23273,23273
public1,all_ten_sites,Conformalized ExtraTrees,60,supplier_interpolated,1.812682481725472,0.07146384063609708,2.9350152669993492,0.09430758376960593,0.2187249269222336,0.05013481542320429,5,848,848
public1,all_ten_sites,ExtraTrees,15,measured,1.2105336376826554,0.0027018933923448445,3.2018982112462036,0.008047247230790863,0.9848068606069337,7.64031772122137e-05,5,23295,23295
public1,all_ten_sites,ExtraTrees,15,raw_unscreened,1.2105336376826554,0.0027018933923448445,3.2018982112462036,0.008047247230790863,0.9848068606069337,7.64031772122137e-05,5,23295,23295
public1,all_ten_sites,ExtraTrees,15,supplier_interpolated,2.1280044790766253,0.08883934151932413,3.218871596659917,0.12683055581150954,0.0683613516402296,0.07361029292374247,5,851,851
public1,all_ten_sites,ExtraTrees,60,measured,1.729196334069292,0.013486553853691135,4.662523722629681,0.022000216979262036,0.967801899086103,0.0003041463257759967,5,23273,23273
public1,all_ten_sites,ExtraTrees,60,raw_unscreened,1.729196334069292,0.013486553853691135,4.662523722629681,0.022000216979262036,0.967801899086103,0.0003041463257759967,5,23273,23273
public1,all_ten_sites,ExtraTrees,60,supplier_interpolated,1.812682481725472,0.07146384063609708,2.9350152669993492,0.09430758376960593,0.2187249269222336,0.05013481542320429,5,848,848
public1,all_ten_sites,IA-GTPF,15,measured,1.1716811860824068,0.0007303177883771826,3.1479322893316244,0.003254732752968232,0.9853147474143442,3.0359000606530073e-05,5,23295,23295
public1,all_ten_sites,IA-GTPF,15,raw_unscreened,1.1716811860824068,0.0007303177883771826,3.1479322893316244,0.003254732752968232,0.9853147474143442,3.0359000606530073e-05,5,23295,23295
public1,all_ten_sites,IA-GTPF,15,supplier_interpolated,1.617406258399933,0.05904643318102312,2.80706432453866,0.12094255077101039,0.2913197579698486,0.06053693676754825,5,851,851
public1,all_ten_sites,IA-GTPF,60,measured,1.6757172701631877,0.0033638169204915054,4.637151075945061,0.006993586963594632,0.9681518878781734,9.604058586986885e-05,5,23273,23273
public1,all_ten_sites,IA-GTPF,60,raw_unscreened,1.6757172701631877,0.0033638169204915054,4.637151075945061,0.006993586963594632,0.9681518878781734,9.604058586986885e-05,5,23273,23273
public1,all_ten_sites,IA-GTPF,60,supplier_interpolated,1.9996263796554732,0.03579409976109938,3.1802791778944672,0.062412862954240894,0.08316970307303669,0.03610134593806779,5,848,848
public1,all_ten_sites,Persistence,15,measured,1.2554187222897184,,3.3650356764382083,,0.98321931709755,,1,23295,23295
public1,all_ten_sites,Persistence,15,raw_unscreened,1.2554187222897184,,3.3650356764382083,,0.98321931709755,,1,23295,23295
public1,all_ten_sites,Persistence,15,supplier_interpolated,2.356061489573795,,4.272414519679494,,-0.6392601667899687,,1,851,851
public1,all_ten_sites,Persistence,60,measured,1.9177003964065535,,5.387774558372844,,0.9570068522548894,,1,23273,23273
public1,all_ten_sites,Persistence,60,raw_unscreened,1.9177003964065535,,5.387774558372844,,0.9570068522548894,,1,23273,23273
public1,all_ten_sites,Persistence,60,supplier_interpolated,2.4003933263529573,,4.291138688218545,,-0.6686673800850096,,1,848,848
public1,all_ten_sites,QuantileForest,15,measured,1.1900446021169373,0.00478551142447689,3.228731134906988,0.014551983454316316,0.9845509739464117,0.00013938108521655403,5,23295,23295
public1,all_ten_sites,QuantileForest,15,raw_unscreened,1.1900446021169373,0.00478551142447689,3.228731134906988,0.014551983454316316,0.9845509739464117,0.00013938108521655403,5,23295,23295
public1,all_ten_sites,QuantileForest,15,supplier_interpolated,2.0596061915799524,0.014418433422480073,3.513936290983092,0.04092673831007694,-0.10901141314071972,0.02585666443547616,5,851,851
public1,all_ten_sites,QuantileForest,60,measured,1.748488528737596,0.009167195834029817,4.889747499548002,0.035503465621414994,0.9645862762226894,0.0005140731030625078,5,23273,23273
public1,all_ten_sites,QuantileForest,60,raw_unscreened,1.748488528737596,0.009167195834029817,4.889747499548002,0.035503465621414994,0.9645862762226894,0.0005140731030625078,5,23273,23273
public1,all_ten_sites,QuantileForest,60,supplier_interpolated,1.78708511400932,0.010305503229561983,3.0489187074351256,0.012022223412056336,0.15759338944178675,0.006647270188719126,5,848,848
public1,all_ten_sites,Seasonal Persistence,15,measured,3.2930620585610533,,10.885186046501898,,0.8244091030421319,,1,23295,23295
public1,all_ten_sites,Seasonal Persistence,15,raw_unscreened,3.2930620585610533,,10.885186046501898,,0.8244091030421319,,1,23295,23295
public1,all_ten_sites,Seasonal Persistence,15,supplier_interpolated,1.8030817889232984,,3.136873230747857,,0.116319935961927,,1,851,851
public1,all_ten_sites,Seasonal Persistence,60,measured,3.320215046923243,,10.91091411061674,,0.8236795494254132,,1,23273,23273
public1,all_ten_sites,Seasonal Persistence,60,raw_unscreened,3.320215046923243,,10.91091411061674,,0.8236795494254132,,1,23273,23273
public1,all_ten_sites,Seasonal Persistence,60,supplier_interpolated,1.8380237780891773,,3.1519644967652902,,0.0996998795759774,,1,848,848
public1,public_building_only,Conformalized ExtraTrees,15,measured,0.6882766760738145,0.012030145511206394,1.385693556299238,0.02039666573531749,0.9053936621609757,0.002789474133326118,5,946,946
public1,public_building_only,Conformalized ExtraTrees,15,raw_unscreened,0.6882766760738145,0.012030145511206394,1.385693556299238,0.02039666573531749,0.9053936621609757,0.002789474133326118,5,946,946
public1,public_building_only,Conformalized ExtraTrees,15,supplier_interpolated,3.4898366837560397,0.17896699984325068,4.428866747184868,0.18322849133413022,-0.5834602276993809,0.13139069804593947,5,424,424
public1,public_building_only,Conformalized ExtraTrees,60,measured,1.2133782917330866,0.005463235328287412,2.397519211966091,0.01564433422505807,0.7168284931548999,0.003697620696791688,5,946,946
public1,public_building_only,Conformalized ExtraTrees,60,raw_unscreened,1.2133782917330866,0.005463235328287412,2.397519211966091,0.01564433422505807,0.7168284931548999,0.003697620696791688,5,946,946
public1,public_building_only,Conformalized ExtraTrees,60,supplier_interpolated,2.6591417903278938,0.13941060026593907,3.918905223881422,0.13920412369275947,-0.24410729755277094,0.08823055318558666,5,421,421
public1,public_building_only,ExtraTrees,15,measured,0.6882766760738145,0.012030145511206394,1.385693556299238,0.02039666573531749,0.9053936621609757,0.002789474133326118,5,946,946
public1,public_building_only,ExtraTrees,15,raw_unscreened,0.6882766760738145,0.012030145511206394,1.385693556299238,0.02039666573531749,0.9053936621609757,0.002789474133326118,5,946,946
public1,public_building_only,ExtraTrees,15,supplier_interpolated,3.4898366837560397,0.17896699984325068,4.428866747184868,0.18322849133413022,-0.5834602276993809,0.13139069804593947,5,424,424
public1,public_building_only,ExtraTrees,60,measured,1.2133782917330866,0.005463235328287412,2.397519211966091,0.01564433422505807,0.7168284931548999,0.003697620696791688,5,946,946
public1,public_building_only,ExtraTrees,60,raw_unscreened,1.2133782917330866,0.005463235328287412,2.397519211966091,0.01564433422505807,0.7168284931548999,0.003697620696791688,5,946,946
public1,public_building_only,ExtraTrees,60,supplier_interpolated,2.6591417903278938,0.13941060026593907,3.918905223881422,0.13920412369275947,-0.24410729755277094,0.08823055318558666,5,421,421
public1,public_building_only,IA-GTPF,15,measured,0.7245148147599554,0.003713012693982528,1.463160906730352,0.009167803387884269,0.8945349932430944,0.0013201079074964526,5,946,946
public1,public_building_only,IA-GTPF,15,raw_unscreened,0.7245148147599554,0.003713012693982528,1.463160906730352,0.009167803387884269,0.8945349932430944,0.0013201079074964526,5,946,946
public1,public_building_only,IA-GTPF,15,supplier_interpolated,2.4990166331816512,0.11907054550381604,3.8299484204956213,0.17916216118310682,-0.18460387479348078,0.10977777308460851,5,424,424
public1,public_building_only,IA-GTPF,60,measured,1.2289286093086045,0.003822656763527865,2.445673901132081,0.00844902734124583,0.705346359341784,0.0020343640902086976,5,946,946
public1,public_building_only,IA-GTPF,60,raw_unscreened,1.2289286093086045,0.003822656763527865,2.445673901132081,0.00844902734124583,0.705346359341784,0.0020343640902086976,5,946,946
public1,public_building_only,IA-GTPF,60,supplier_interpolated,3.0976470338332036,0.07014221217752604,4.305357620841465,0.09253735068077645,-0.5006143613695572,0.06473508385617043,5,421,421
public1,public_building_only,Persistence,15,measured,0.647776441691562,,1.4229430757937347,,0.9002562665045872,,1,946,946
public1,public_building_only,Persistence,15,raw_unscreened,0.647776441691562,,1.4229430757937347,,0.9002562665045872,,1,946,946
public1,public_building_only,Persistence,15,supplier_interpolated,3.891568101415118,,5.9061486897258195,,-1.8121366646444907,,1,424,424
public1,public_building_only,Persistence,60,measured,1.266381206562226,,2.520550312339652,,0.6870310099898839,,1,946,946
public1,public_building_only,Persistence,60,raw_unscreened,1.266381206562226,,2.520550312339652,,0.6870310099898839,,1,946,946
public1,public_building_only,Persistence,60,supplier_interpolated,3.8605440914489657,,5.885961875737296,,-1.803658085437656,,1,421,421
public1,public_building_only,QuantileForest,15,measured,0.6677013874853335,0.006721004045541867,1.383681523402346,0.008876713104671856,0.9056814427007893,0.0012110313592569894,5,946,946
public1,public_building_only,QuantileForest,15,raw_unscreened,0.6677013874853335,0.006721004045541867,1.383681523402346,0.008876713104671856,0.9056814427007893,0.0012110313592569894,5,946,946
public1,public_building_only,QuantileForest,15,supplier_interpolated,3.3766072613517153,0.028932610605999557,4.852281829155949,0.059776319473718774,-0.8983331419543028,0.04680914741217371,5,424,424
public1,public_building_only,QuantileForest,60,measured,1.2410233104015091,0.013653120512034383,2.5023371027732,0.027696840550993855,0.6915073937875993,0.0068351043345269286,5,946,946
public1,public_building_only,QuantileForest,60,raw_unscreened,1.2410233104015091,0.013653120512034383,2.5023371027732,0.027696840550993855,0.6915073937875993,0.0068351043345269286,5,946,946
public1,public_building_only,QuantileForest,60,supplier_interpolated,2.6917075432739126,0.01825160525273255,4.108726894854624,0.01701147405823706,-0.3661886248298732,0.011317173511249883,5,421,421
public1,public_building_only,Seasonal Persistence,15,measured,1.4104342141707176,,3.4383393664689295,,0.4176178624267672,,1,946,946
public1,public_building_only,Seasonal Persistence,15,raw_unscreened,1.4104342141707176,,3.4383393664689295,,0.4176178624267672,,1,946,946
public1,public_building_only,Seasonal Persistence,15,supplier_interpolated,2.738464622641519,,4.233156415170064,,-0.4446289110800414,,1,424,424
public1,public_building_only,Seasonal Persistence,60,measured,1.6311081204855815,,3.6411068684057586,,0.3469034063087811,,1,946,946
public1,public_building_only,Seasonal Persistence,60,raw_unscreened,1.6311081204855815,,3.6411068684057586,,0.3469034063087811,,1,946,946
public1,public_building_only,Seasonal Persistence,60,supplier_interpolated,2.699372179334937,,4.190549071191557,,-0.4211241529327005,,1,421,421
public2,all_ten_sites,Conformalized ExtraTrees,15,measured,1.2950854908062464,0.004148657959664266,3.435288590864006,0.011346398472923114,0.991075646283593,5.886174920036783e-05,5,6456,6456
public2,all_ten_sites,Conformalized ExtraTrees,15,raw_unscreened,17.83412247096979,0.00418052748724863,1113.9439892892428,0.0014946739375424221,0.00037742650512908,2.682559088206596e-06,5,6459,6459
public2,all_ten_sites,Conformalized ExtraTrees,15,supplier_interpolated,5.1478494310845,0.2708858826907921,6.671683323611779,0.25800825145561795,0.9706669701504398,0.0022554252909872006,5,25,25
public2,all_ten_sites,Conformalized ExtraTrees,60,measured,1.8838104346644002,0.008109396854627879,5.1097872344672215,0.0261589196957994,0.980122938143652,0.00020355242505481477,5,6429,6429
public2,all_ten_sites,Conformalized ExtraTrees,60,raw_unscreened,18.492096313322826,0.008100231764909063,1116.2896251014567,0.00062040733625262,0.00034867242994466,1.1111652032451766e-06,5,6432,6432
public2,all_ten_sites,Conformalized ExtraTrees,60,supplier_interpolated,5.223278324134822,0.25122841726989964,6.851474263947982,0.18314685738300296,0.9690840187956574,0.001654445019832631,5,25,25
public2,all_ten_sites,ExtraTrees,15,measured,1.2950854908062464,0.004148657959664266,3.435288590864006,0.011346398472923114,0.991075646283593,5.886174920036783e-05,5,6456,6456
public2,all_ten_sites,ExtraTrees,15,raw_unscreened,17.83412247096979,0.00418052748724863,1113.9439892892428,0.0014946739375424221,0.00037742650512908,2.682559088206596e-06,5,6459,6459
public2,all_ten_sites,ExtraTrees,15,supplier_interpolated,5.1478494310845,0.2708858826907921,6.671683323611779,0.25800825145561795,0.9706669701504398,0.0022554252909872006,5,25,25
public2,all_ten_sites,ExtraTrees,60,measured,1.8838104346644002,0.008109396854627879,5.1097872344672215,0.0261589196957994,0.980122938143652,0.00020355242505481477,5,6429,6429
public2,all_ten_sites,ExtraTrees,60,raw_unscreened,18.492096313322826,0.008100231764909063,1116.2896251014567,0.00062040733625262,0.00034867242994466,1.1111652032451766e-06,5,6432,6432
public2,all_ten_sites,ExtraTrees,60,supplier_interpolated,5.223278324134822,0.25122841726989964,6.851474263947982,0.18314685738300296,0.9690840187956574,0.001654445019832631,5,25,25
public2,all_ten_sites,IA-GTPF,15,measured,1.2627515869458261,0.0028080866595321476,3.4452988158946822,0.019859372768473656,0.9910234001838594,0.00010343870303334615,5,6456,6456
public2,all_ten_sites,IA-GTPF,15,raw_unscreened,17.801849040623903,0.002791635836042611,1113.9464409309126,0.0008965644601871804,0.0003730264301481,1.6091083859115167e-06,5,6459,6459
public2,all_ten_sites,IA-GTPF,15,supplier_interpolated,4.445753919784666,0.16097990230617482,6.257558389752075,0.25898565225043174,0.9741909906734041,0.0021486890458821744,5,25,25
public2,all_ten_sites,IA-GTPF,60,measured,1.9386178613398417,0.015137431826347844,5.606858621612291,0.0645576611377154,0.9760655904139884,0.0005500072048438835,5,6429,6429
public2,all_ten_sites,IA-GTPF,60,raw_unscreened,18.5469736374288,0.015133624433286759,1116.2947007195357,0.0004565820267146578,0.00033958185038804003,8.177535057125506e-07,5,6432,6432
public2,all_ten_sites,IA-GTPF,60,supplier_interpolated,3.541841708040697,0.06370618760605216,5.609630397762997,0.036153462475444556,0.9792866801443681,0.0002667933343132545,5,25,25
public2,all_ten_sites,Persistence,15,measured,1.4909773104102595,,4.001376160541578,,0.9878921985190882,,1,6456,6456
public2,all_ten_sites,Persistence,15,raw_unscreened,18.03001774610316,,1113.955074320631,,0.0003575316054903,,1,6459,6459
public2,all_ten_sites,Persistence,15,supplier_interpolated,9.796463629721083,,14.575173348291258,,0.8601719689337104,,1,25,25
public2,all_ten_sites,Persistence,60,measured,2.779210882796352,,8.223508239588611,,0.9485184382151632,,1,6429,6429
public2,all_ten_sites,Persistence,60,raw_unscreened,19.3871230700894,,1116.303897904574,,0.0003231093191909,,1,6432,6432
public2,all_ten_sites,Persistence,60,supplier_interpolated,8.533049369230469,,13.953282716681608,,0.8718497160985893,,1,25,25
public2,all_ten_sites,QuantileForest,15,measured,1.281125320300805,0.009580374363906905,3.561687909547691,0.019894891146319954,0.9904066763769623,0.00010752868311185181,5,6456,6456
public2,all_ten_sites,QuantileForest,15,raw_unscreened,17.820196178656154,0.009597179749615728,1113.9470201623967,0.0011094834659157219,0.00037198685463892,1.991245225945557e-06,5,6459,6459
public2,all_ten_sites,QuantileForest,15,supplier_interpolated,3.8241868453381245,0.3554266962390508,6.569151245631069,0.47745237776495464,0.9714755829793857,0.004135578044148105,5,25,25
public2,all_ten_sites,QuantileForest,60,measured,1.985262919211479,0.007191360029759688,5.686266942358377,0.014640834771458017,0.9753853173628981,0.00012672941450244125,5,6429,6429
public2,all_ten_sites,QuantileForest,60,raw_unscreened,18.59362942404821,0.007186660139981011,1116.2941542862118,0.0005387317325736738,0.00034056053030428,9.648858291577523e-07,5,6432,6432
public2,all_ten_sites,QuantileForest,60,supplier_interpolated,4.0216081106570085,0.15621518901267586,7.231649143576187,0.08681464875630991,0.9655736049710576,0.000820734394938329,5,25,25
public2,all_ten_sites,Seasonal Persistence,15,measured,4.052327363925411,,13.852565082142398,,0.8548867965749435,,1,6456,6456
public2,all_ten_sites,Seasonal Persistence,15,raw_unscreened,20.59033285982044,,1114.0352509597997,,0.0002136283913498,,1,6459,6459
public2,all_ten_sites,Seasonal Persistence,15,supplier_interpolated,8.297323004721086,,13.136268486157173,,0.8864176585118076,,1,25,25
public2,all_ten_sites,Seasonal Persistence,60,measured,4.1309561248270334,,13.963210439211768,,0.8515746723364326,,1,6429,6429
public2,all_ten_sites,Seasonal Persistence,60,raw_unscreened,20.738307293058853,,1116.361478006051,,0.0002199779381066,,1,6432,6432
public2,all_ten_sites,Seasonal Persistence,60,supplier_interpolated,7.002033744230468,,12.437542334397774,,0.8981793350456263,,1,25,25
public2,public_building_only,Conformalized ExtraTrees,15,measured,4.2352326020521485,0.02578898468943357,7.694807838992704,0.07113471041272038,0.9755285314261247,0.000452096379096711,5,591,591
public2,public_building_only,Conformalized ExtraTrees,15,raw_unscreened,4.2352326020521485,0.02578898468943357,7.694807838992704,0.07113471041272038,0.9755285314261247,0.000452096379096711,5,591,591
public2,public_building_only,Conformalized ExtraTrees,15,supplier_interpolated,6.355411790742329,0.33876596593444563,7.456918384402245,0.28856798816001217,0.9576321128173817,0.0032598884128529123,5,20,20
public2,public_building_only,Conformalized ExtraTrees,60,measured,7.380382887310991,0.07413939862336412,11.698282199853747,0.13132060849720456,0.9426528411120874,0.0012836680262260916,5,588,588
public2,public_building_only,Conformalized ExtraTrees,60,raw_unscreened,7.380382887310991,0.07413939862336412,11.698282199853747,0.13132060849720456,0.9426528411120874,0.0012836680262260916,5,588,588
public2,public_building_only,Conformalized ExtraTrees,60,supplier_interpolated,6.452831672470336,0.3158794701784265,7.657173392764792,0.204816655904514,0.9553539013798555,0.0023907889521219455,5,20,20
public2,public_building_only,ExtraTrees,15,measured,4.2352326020521485,0.02578898468943357,7.694807838992704,0.07113471041272038,0.9755285314261247,0.000452096379096711,5,591,591
public2,public_building_only,ExtraTrees,15,raw_unscreened,4.2352326020521485,0.02578898468943357,7.694807838992704,0.07113471041272038,0.9755285314261247,0.000452096379096711,5,591,591
public2,public_building_only,ExtraTrees,15,supplier_interpolated,6.355411790742329,0.33876596593444563,7.456918384402245,0.28856798816001217,0.9576321128173817,0.0032598884128529123,5,20,20
public2,public_building_only,ExtraTrees,60,measured,7.380382887310991,0.07413939862336412,11.698282199853747,0.13132060849720456,0.9426528411120874,0.0012836680262260916,5,588,588
public2,public_building_only,ExtraTrees,60,raw_unscreened,7.380382887310991,0.07413939862336412,11.698282199853747,0.13132060849720456,0.9426528411120874,0.0012836680262260916,5,588,588
public2,public_building_only,ExtraTrees,60,supplier_interpolated,6.452831672470336,0.3158794701784265,7.657173392764792,0.204816655904514,0.9553539013798555,0.0023907889521219455,5,20,20
public2,public_building_only,IA-GTPF,15,measured,4.240904122443518,0.025019887619696247,7.8718893641328265,0.0683313734222221,0.9743894487799196,0.0004454335586929729,5,591,591
public2,public_building_only,IA-GTPF,15,raw_unscreened,4.240904122443518,0.025019887619696247,7.8718893641328265,0.0683313734222221,0.9743894487799196,0.0004454335586929729,5,591,591
public2,public_building_only,IA-GTPF,15,supplier_interpolated,5.477009640555228,0.20472074628075546,6.993853620323861,0.289901779747915,0.9627241405943352,0.0031079848005314136,5,20,20
public2,public_building_only,IA-GTPF,60,measured,7.864593683152724,0.10451688850932073,13.485679383736349,0.2237521609058753,0.9237806510505742,0.0025205531142210996,5,588,588
public2,public_building_only,IA-GTPF,60,raw_unscreened,7.864593683152724,0.10451688850932073,13.485679383736349,0.2237521609058753,0.9237806510505742,0.0025205531142210996,5,588,588
public2,public_building_only,IA-GTPF,60,supplier_interpolated,4.3350577785019295,0.0801470235148117,6.267721867746194,0.0405019302581466,0.9701026991639953,0.00038610657079598073,5,20,20
public2,public_building_only,Persistence,15,measured,4.617850671298879,,8.968445716381872,,0.9667593772244985,,1,591,591
public2,public_building_only,Persistence,15,raw_unscreened,4.617850671298879,,8.968445716381872,,0.9667593772244985,,1,591,591
public2,public_building_only,Persistence,15,supplier_interpolated,12.012231249999603,,16.286574160010243,,0.79813662801822,,1,20,20
public2,public_building_only,Persistence,60,measured,11.9985065770749,,20.139054967109416,,0.8300574564646104,,1,588,588
public2,public_building_only,Persistence,60,raw_unscreened,11.9985065770749,,20.139054967109416,,0.8300574564646104,,1,588,588
public2,public_building_only,Persistence,60,supplier_interpolated,10.430981249999604,,15.590079960731924,,0.8150327981980809,,1,20,20
public2,public_building_only,QuantileForest,15,measured,4.370605508382632,0.07532001223273034,8.131571056506436,0.059734744474881904,0.9726723393772249,0.00040282835174998503,5,591,591
public2,public_building_only,QuantileForest,15,raw_unscreened,4.370605508382632,0.07532001223273034,8.131571056506436,0.059734744474881904,0.9726723393772249,0.00040282835174998503,5,591,591
public2,public_building_only,QuantileForest,15,supplier_interpolated,4.702614113331573,0.44486191622381366,7.342247616996109,0.5339401174225138,0.9588007216126311,0.005976471518020486,5,20,20
public2,public_building_only,QuantileForest,60,measured,7.919704901755975,0.05828157107500737,12.80632063365166,0.2040156663699379,0.9312677043910131,0.00217183149918785,5,588,588
public2,public_building_only,QuantileForest,60,raw_unscreened,7.919704901755975,0.05828157107500737,12.80632063365166,0.2040156663699379,0.9312677043910131,0.00217183149918785,5,588,588
public2,public_building_only,QuantileForest,60,supplier_interpolated,4.943518470207172,0.1964223599994613,8.08215745880226,0.09723020788089005,0.9502832265359386,0.00118775845048351,5,20,20
public2,public_building_only,Seasonal Persistence,15,measured,13.495084805054596,,27.661691824201117,,0.6837778687248147,,1,591,591
public2,public_building_only,Seasonal Persistence,15,raw_unscreened,13.495084805054596,,27.661691824201117,,0.6837778687248147,,1,591,591
public2,public_building_only,Seasonal Persistence,15,supplier_interpolated,10.138305468749603,,14.67684698356892,,0.8360680616369459,,1,20,20
public2,public_building_only,Seasonal Persistence,60,measured,14.355115189446272,,28.215275554476303,,0.6664257397672089,,1,588,588
public2,public_building_only,Seasonal Persistence,60,raw_unscreened,14.355115189446272,,28.215275554476303,,0.6664257397672089,,1,588,588
public2,public_building_only,Seasonal Persistence,60,supplier_interpolated,8.517211718749603,,13.89419102061646,,0.8530855302600093,,1,20,20
