name,size,compressed,offset,crc,site,channel,unit,local_path,sha256
original_data/DE_KN_industrial_001/phptimeseries/feed_25.MYD,6083631,2651804,3930742,1739824336,industrial1,grid_import,kWh,Data/Raw/industrial1/grid_import.MYD,f1c6758b5c8fccafee7ff0293f276b135043598e833f8d62abebdf6adfe236c6
original_data/DE_KN_industrial_001/phptimeseries/feed_43.MYD,2596914,1035648,21342121,741888967,industrial1,pv_1,kWh,Data/Raw/industrial1/pv_1.MYD,285792fb148ac33a9c60008cc04d01df67902f590e250e727dd760bb8251c8cf
original_data/DE_KN_industrial_001/phptimeseries/feed_46.MYD,2815092,1134292,23226588,2651165243,industrial1,pv_2,kWh,Data/Raw/industrial1/pv_2.MYD,1a64a6888173265c041fff479ab0580b8ca1e403d5f17dea533dc85bcbf1ed8e
original_data/DE_KN_industrial_002/phptimeseries/feed_25.MYD,5197491,1972701,35483559,651712765,industrial2,grid_import,kWh,Data/Raw/industrial2/grid_import.MYD,104f8d7efba3f7f2dc6b0c099c63b50d12781883628b327d30aec4d9b09e7613
original_data/DE_KN_industrial_002/phptimeseries/feed_46.MYD,4595373,1507866,53251231,1821794747,industrial2,pv,kWh,Data/Raw/industrial2/pv.MYD,e68274bcda3d44c884bb9bd12f068c0080d8a59e9c8de102627a1d6aa3f86228
original_data/DE_KN_industrial_002/phptimeseries/feed_52.MYD,5040936,1649584,57781267,3430292583,industrial2,storage_charge,kWh,Data/Raw/industrial2/storage_charge.MYD,2a8675f9b497edc12441ce7eb937b5f673edc636f0780b8f79bbd73fffe987a5
original_data/DE_KN_industrial_002/phptimeseries/feed_55.MYD,5041584,1257388,60902623,1949925210,industrial2,storage_decharge,kWh,Data/Raw/industrial2/storage_decharge.MYD,c5bba627100d7f9d32d95f1b40ef5b8813684b291d4dbcfe21e23c867f580a7f
original_data/DE_KN_industrial_003/phptimeseries/feed_100.MYD,4573431,948568,99707370,653150503,industrial3,ev,kWh,Data/Raw/industrial3/ev.MYD,bf5a39277865619d1583c60d3d7cc8a351a6b425a55b7562b9f20eaf420207d7
original_data/DE_KN_industrial_003/phptimeseries/feed_25.MYD,5396913,2291478,106531823,2065863930,industrial3,grid_import,kWh,Data/Raw/industrial3/grid_import.MYD,fcea9eb69582dcfcf67042d210a3cc3b0f91775dc7f6728e6afc99759f9c089d
original_data/DE_KN_industrial_003/phptimeseries/feed_46.MYD,5825565,1782406,128914655,259313918,industrial3,pv_facade,kWh,Data/Raw/industrial3/pv_facade.MYD,420c6ddc0a8b1879186767d54a1bf66dd90ae3928f6e4cbaea1eb35b00a9f9a0
original_data/DE_KN_industrial_003/phptimeseries/feed_43.MYD,5825556,1912505,125113191,3487403698,industrial3,pv_roof,kWh,Data/Raw/industrial3/pv_roof.MYD,6b0b7988e9d36c26091705444c0432adf1e9d40ee16bbd8eec055e7f87976608
original_data/DE_KN_public_001/phptimeseries/feed_40.MYD,534267,273589,198060874,1531859532,public1,grid_import,kWh,Data/Raw/public1/grid_import.MYD,f68c9117acfd803c895e0fa22b523815e29464c684fd886848137e6664ea5c30
original_data/DE_KN_public_002/phptimeseries/feed_40.MYD,464004,216345,198759942,183812543,public2,grid_import,kWh,Data/Raw/public2/grid_import.MYD,8edaf0d5287f8329c8ecc4e6fe24a0a1a453f150c5fa85517b16dc43e32e7699
original_data/DE_KN_residential_001/phptimeseries/feed_56.MYD,4352913,1836505,214230958,3452684794,residential1,grid_import,kWh,Data/Raw/residential1/grid_import.MYD,63997117254ea4c2f7dd5afd0e70c28bc1bbd5edd5b2ff19127fc69cc842f544
original_data/DE_KN_residential_001/phptimeseries/feed_62.MYD,4351230,1397404,220075283,3647973397,residential1,heat_pump,kWh,Data/Raw/residential1/heat_pump.MYD,bc72704618d3ef02fbc7219e5ebc827dab18ee978357a6fc0c17e33294888b49
original_data/DE_KN_residential_001/phptimeseries/feed_59.MYD,4352796,1459806,217383537,3230275111,residential1,pv,kWh,Data/Raw/residential1/pv.MYD,baebb6e4ebbf34bb69582714c4493f44a9728125c04eb0d7068cb351f27b6d63
original_data/DE_KN_residential_002/phptimeseries/feed_25.MYD,5082894,1760286,235702871,3782733012,residential2,grid_import,kWh,Data/Raw/residential2/grid_import.MYD,3a0d29a62b88262e11d3dc1363efe92f7ca2f57cbe222ba67da21e669e98a1d1
original_data/DE_KN_residential_003/phptimeseries/feed_135.MYD,9971208,2828376,267839777,1387538262,residential3,grid_export,kWh,Data/Raw/residential3/grid_export.MYD,119106480642371401b491aeb6423dbd2f156ffef7e5f839968425dfe26ac87f
original_data/DE_KN_residential_003/phptimeseries/feed_138.MYD,4301172,1509285,273110301,4168508060,residential3,grid_import,kWh,Data/Raw/residential3/grid_import.MYD,f216810aa0514df84703dbbae856612e913ed4718ee196119203a5915eb821f7
original_data/DE_KN_residential_003/phptimeseries/feed_141.MYD,9555129,2960425,279530399,2325350483,residential3,pv,kWh,Data/Raw/residential3/pv.MYD,1927fd4e15c313f10d73b7e3a8b4abba8a038b565894f1eb123400925a478585
original_data/DE_KN_residential_004/phptimeseries/feed_53.MYD,6816357,1771483,385898196,3872850149,residential4,ev,kWh,Data/Raw/residential4/ev.MYD,1c30657b4dbda325cf84cbd7446f047d36a6321be183f6da3ca9b52a92dfdfab
original_data/DE_KN_residential_004/phptimeseries/feed_40.MYD,3722949,1337902,369470026,2855367081,residential4,grid_export,kWh,Data/Raw/residential4/grid_export.MYD,11998462c0b34b9088f471bee5c079c7262c8804df2adb9fde81a453fee2ab5a
original_data/DE_KN_residential_004/phptimeseries/feed_43.MYD,3682890,1425813,372259007,2274037321,residential4,grid_import,kWh,Data/Raw/residential4/grid_import.MYD,4b50089bfc49d05c51a430fe4ca26550d4ad25b73e9e17858895407d54de2c1b
original_data/DE_KN_residential_004/phptimeseries/feed_49.MYD,3794139,1243404,380074204,3512866780,residential4,heat_pump,kWh,Data/Raw/residential4/heat_pump.MYD,a6ced4c98744944e5662b8b79007102e2f67b5e5559ce8b02c534a446974e82f
original_data/DE_KN_residential_004/phptimeseries/feed_46.MYD,6973830,2370580,375255098,2136363452,residential4,pv,kWh,Data/Raw/residential4/pv.MYD,e8982382222a712d7a82336916e32489618ed92a5557214be8682e3f23e4c8ae
original_data/DE_KN_residential_005/phptimeseries/feed_40.MYD,9630567,3467990,418859892,1360063134,residential5,grid_import,kWh,Data/Raw/residential5/grid_import.MYD,459a0bf8c3757a2fb438b052c37368294a552b8f88426d632f5d50c6f71ffc39
original_data/DE_KN_residential_006/phptimeseries/feed_62.MYD,8983467,2229900,510127246,2014947772,residential6,grid_export,kWh,Data/Raw/residential6/grid_export.MYD,2698ef991b63e6589545abf1c82ea1334463db73e50b8ed517f04c6815f6c481
original_data/DE_KN_residential_006/phptimeseries/feed_40.MYD,9473211,3129797,481643291,357803573,residential6,grid_import,kWh,Data/Raw/residential6/grid_import.MYD,4286989105154d4fe7696bf6419ca69efa3f330e6febdc477bd1138f4d9c2150
original_data/DE_KN_residential_006/phptimeseries/feed_43.MYD,9413424,2870309,487123806,3286998230,residential6,pv,kWh,Data/Raw/residential6/pv.MYD,e4607b7971c98026cabaea253f181e3b9b90efbcbe91cb784c41653d0b87e73c
