site,split,horizon_minutes,rows,measured_targets,supplier_interpolated_reference_targets,anomalous_current_intervals
industrial1,calibration,15,3802,3801,0,0
industrial1,test,15,3803,3802,0,0
industrial1,train,15,13941,8100,2500,0
industrial1,validation,15,3802,3801,0,0
industrial2,calibration,15,3802,3801,0,0
industrial2,test,15,3803,3802,0,0
industrial2,train,15,13941,12856,0,0
industrial2,validation,15,3802,3801,0,0
industrial3,calibration,15,3802,3801,0,0
industrial3,test,15,3803,3802,0,0
industrial3,train,15,13941,13464,0,0
industrial3,validation,15,3802,3137,188,0
residential1,calibration,15,3802,3801,0,0
residential1,test,15,3803,3802,0,0
residential1,train,15,13941,13363,575,0
residential1,validation,15,3802,3801,0,0
residential2,calibration,15,3802,3706,92,0
residential2,test,15,3803,3802,0,0
residential2,train,15,13941,13829,111,0
residential2,validation,15,3802,3801,0,0
residential3,calibration,15,3802,3528,268,2
residential3,test,15,3803,3802,0,0
residential3,train,15,13941,13320,568,0
residential3,validation,15,3802,3801,0,0
residential4,calibration,15,3802,952,754,0
residential4,test,15,3803,2138,174,6
residential4,train,15,13941,4943,1671,0
residential4,validation,15,3802,1063,670,0
residential5,calibration,15,3802,3785,0,0
residential5,test,15,3803,3775,0,0
residential5,train,15,13941,13600,258,0
residential5,validation,15,3802,3797,0,0
residential6,calibration,15,3802,3801,0,0
residential6,test,15,3803,3802,0,0
residential6,train,15,13941,13935,3,0
residential6,validation,15,3802,3801,0,0
industrial1,calibration,60,3802,3798,0,0
industrial1,test,60,3803,3799,0,0
industrial1,train,60,13941,8100,2497,0
industrial1,validation,60,3802,3798,0,0
industrial2,calibration,60,3802,3798,0,0
industrial2,test,60,3803,3799,0,0
industrial2,train,60,13941,12853,0,0
industrial2,validation,60,3802,3798,0,0
industrial3,calibration,60,3802,3798,0,0
industrial3,test,60,3803,3799,0,0
industrial3,train,60,13941,13461,0,0
industrial3,validation,60,3802,3134,188,0
residential1,calibration,60,3802,3798,0,0
residential1,test,60,3803,3799,0,0
residential1,train,60,13941,13360,575,0
residential1,validation,60,3802,3798,0,0
residential2,calibration,60,3802,3703,92,0
residential2,test,60,3803,3799,0,0
residential2,train,60,13941,13826,111,0
residential2,validation,60,3802,3798,0,0
residential3,calibration,60,3802,3525,268,2
residential3,test,60,3803,3799,0,0
residential3,train,60,13941,13317,568,0
residential3,validation,60,3802,3798,0,0
residential4,calibration,60,3802,950,754,0
residential4,test,60,3803,2138,174,6
residential4,train,60,13941,4941,1671,0
residential4,validation,60,3802,1063,670,0
residential5,calibration,60,3802,3782,0,0
residential5,test,60,3803,3773,0,0
residential5,train,60,13941,13597,258,0
residential5,validation,60,3802,3794,0,0
residential6,calibration,60,3802,3798,0,0
residential6,test,60,3803,3799,0,0
residential6,train,60,13941,13932,3,0
residential6,validation,60,3802,3798,0,0
