origin,split,start,end
1,train,2016-05-13 13:45:00+00:00,2016-08-13 23:30:00+00:00
1,validation,2016-08-13 23:45:00+00:00,2016-08-27 04:15:00+00:00
1,calibration,2016-08-27 04:30:00+00:00,2016-09-09 09:15:00+00:00
1,test,2016-09-09 09:30:00+00:00,2016-09-22 14:00:00+00:00
2,train,2016-05-13 13:45:00+00:00,2016-09-02 18:45:00+00:00
2,validation,2016-09-02 19:00:00+00:00,2016-09-15 23:30:00+00:00
2,calibration,2016-09-15 23:45:00+00:00,2016-09-29 04:30:00+00:00
2,test,2016-09-29 04:45:00+00:00,2016-10-12 09:15:00+00:00
3,train,2016-05-13 13:45:00+00:00,2016-09-22 14:00:00+00:00
3,validation,2016-09-22 14:15:00+00:00,2016-10-05 18:45:00+00:00
3,calibration,2016-10-05 19:00:00+00:00,2016-10-18 23:45:00+00:00
3,test,2016-10-19 00:00:00+00:00,2016-11-01 04:30:00+00:00
4,train,2016-05-13 13:45:00+00:00,2016-10-12 09:15:00+00:00
4,validation,2016-10-12 09:30:00+00:00,2016-10-25 14:00:00+00:00
4,calibration,2016-10-25 14:15:00+00:00,2016-11-07 19:00:00+00:00
4,test,2016-11-07 19:15:00+00:00,2016-11-20 23:45:00+00:00
5,train,2016-05-13 13:45:00+00:00,2016-11-01 04:30:00+00:00
5,validation,2016-11-01 04:45:00+00:00,2016-11-14 09:15:00+00:00
5,calibration,2016-11-14 09:30:00+00:00,2016-11-27 14:15:00+00:00
5,test,2016-11-27 14:30:00+00:00,2016-12-10 19:00:00+00:00
