model,horizon_minutes,seed,component_fit_seconds,peak_process_rss_mb,n_fit_calls,inference_seconds,n_inference,calibration_seconds,selected_neural_training_seconds,neural_trainable_parameters,epochs_run,best_validation_epoch,neural_peak_process_rss_mb,training_device,precision,peak_mps_driver_allocated_mb,neural_selection_and_fit_seconds,fit_reuse_note,benchmark_partition,MAE,RMSE,context_length,regime,n_samples_per_forecast,shared_feature_engineering_seconds,shared_graph_construction_seconds,shared_cost_note,inference_device,fit_device_caveat
DLinear-lite,15,11,,,,0.2499764169915579,32707,0.0,20.9885944169946,206.0,18.0,13.0,273.825792,mps,float32,117.784576,105.95571208302863,,full_test,,,,,,0.7117370000341907,0.2574164579855278,One preprocessing/graph cost per experiment; do not sum this duplicated annotation across model rows.,cpu,CPU and MPS training times are different hardware scopes; no cross-device speed superiority claim.
DLinear-lite,15,23,,,,0.254395458032377,32707,0.0,14.378789208014496,206.0,14.0,9.0,263.929856,mps,float32,117.784576,14.378789208014496,,full_test,,,,,,0.7117370000341907,0.2574164579855278,One preprocessing/graph cost per experiment; do not sum this duplicated annotation across model rows.,cpu,CPU and MPS training times are different hardware scopes; no cross-device speed superiority claim.
DLinear-lite,15,37,,,,0.2625496669788845,32707,0.0,17.62187895801617,206.0,17.0,12.0,268.910592,mps,float32,117.784576,17.62187895801617,,full_test,,,,,,0.7117370000341907,0.2574164579855278,One preprocessing/graph cost per experiment; do not sum this duplicated annotation across model rows.,cpu,CPU and MPS training times are different hardware scopes; no cross-device speed superiority claim.
DLinear-lite,15,53,,,,0.2728688749484718,32707,0.0,22.46186287497403,206.0,21.0,16.0,281.346048,mps,float32,117.784576,22.46186287497403,,full_test,,,,,,0.7117370000341907,0.2574164579855278,One preprocessing/graph cost per experiment; do not sum this duplicated annotation across model rows.,cpu,CPU and MPS training times are different hardware scopes; no cross-device speed superiority claim.
DLinear-lite,15,71,,,,0.2819474170100875,32707,0.0,28.627831291989423,206.0,20.0,15.0,259.915776,mps,float32,117.784576,28.627831291989423,,full_test,,,,,,0.7117370000341907,0.2574164579855278,One preprocessing/graph cost per experiment; do not sum this duplicated annotation across model rows.,cpu,CPU and MPS training times are different hardware scopes; no cross-device speed superiority claim.
DLinear-lite,60,11,,,,0.2317431659903377,32684,0.0,14.731803875009064,206.0,14.0,9.0,360.300544,mps,float32,544.063488,86.36551062500803,,full_test,,,,,,0.7117370000341907,0.2574164579855278,One preprocessing/graph cost per experiment; do not sum this duplicated annotation across model rows.,cpu,CPU and MPS training times are different hardware scopes; no cross-device speed superiority claim.
DLinear-lite,60,23,,,,0.23802800005069,32684,0.0,13.230556541995613,206.0,13.0,8.0,388.644864,mps,float32,544.063488,13.230556541995613,,full_test,,,,,,0.7117370000341907,0.2574164579855278,One preprocessing/graph cost per experiment; do not sum this duplicated annotation across model rows.,cpu,CPU and MPS training times are different hardware scopes; no cross-device speed superiority claim.
DLinear-lite,60,37,,,,0.2383584160124883,32684,0.0,20.65291945799254,206.0,20.0,15.0,393.035776,mps,float32,544.063488,20.65291945799254,,full_test,,,,,,0.7117370000341907,0.2574164579855278,One preprocessing/graph cost per experiment; do not sum this duplicated annotation across model rows.,cpu,CPU and MPS training times are different hardware scopes; no cross-device speed superiority claim.
DLinear-lite,60,53,,,,0.2386793330078944,32684,0.0,15.254346291010734,206.0,15.0,10.0,318.849024,mps,float32,544.063488,15.254346291010734,,full_test,,,,,,0.7117370000341907,0.2574164579855278,One preprocessing/graph cost per experiment; do not sum this duplicated annotation across model rows.,cpu,CPU and MPS training times are different hardware scopes; no cross-device speed superiority claim.
DLinear-lite,60,71,,,,0.2320389170199632,32684,0.0,16.700651541992556,206.0,17.0,12.0,314.032128,mps,float32,544.063488,16.700651541992556,,full_test,,,,,,0.7117370000341907,0.2574164579855278,One preprocessing/graph cost per experiment; do not sum this duplicated annotation across model rows.,cpu,CPU and MPS training times are different hardware scopes; no cross-device speed superiority claim.
ExtraTrees,15,11,7.006485792051535,981.56544,2.0,0.0723021249868907,32707,0.0,,,,,,cpu,,,,,full_test,,,,,,0.7117370000341907,0.2574164579855278,One preprocessing/graph cost per experiment; do not sum this duplicated annotation across model rows.,cpu,CPU and MPS training times are different hardware scopes; no cross-device speed superiority claim.
ExtraTrees,15,23,7.114850917016156,872.071168,2.0,0.0757353749941103,32707,0.0,,,,,,cpu,,,,,full_test,,,,,,0.7117370000341907,0.2574164579855278,One preprocessing/graph cost per experiment; do not sum this duplicated annotation across model rows.,cpu,CPU and MPS training times are different hardware scopes; no cross-device speed superiority claim.
ExtraTrees,15,37,7.251707791001536,847.4624,2.0,0.0790318329818546,32707,0.0,,,,,,cpu,,,,,full_test,,,,,,0.7117370000341907,0.2574164579855278,One preprocessing/graph cost per experiment; do not sum this duplicated annotation across model rows.,cpu,CPU and MPS training times are different hardware scopes; no cross-device speed superiority claim.
ExtraTrees,15,53,6.9866589159937575,805.60128,2.0,0.0788710830383934,32707,0.0,,,,,,cpu,,,,,full_test,,,,,,0.7117370000341907,0.2574164579855278,One preprocessing/graph cost per experiment; do not sum this duplicated annotation across model rows.,cpu,CPU and MPS training times are different hardware scopes; no cross-device speed superiority claim.
ExtraTrees,15,71,6.946228874963708,823.21408,2.0,0.0806189999566413,32707,0.0,,,,,,cpu,,,,,full_test,,,,,,0.7117370000341907,0.2574164579855278,One preprocessing/graph cost per experiment; do not sum this duplicated annotation across model rows.,cpu,CPU and MPS training times are different hardware scopes; no cross-device speed superiority claim.
ExtraTrees,60,11,7.255585416976828,893.599744,2.0,0.0525396669982001,32684,0.0,,,,,,cpu,,,,,full_test,,,,,,0.7117370000341907,0.2574164579855278,One preprocessing/graph cost per experiment; do not sum this duplicated annotation across model rows.,cpu,CPU and MPS training times are different hardware scopes; no cross-device speed superiority claim.
ExtraTrees,60,23,7.043243875959888,760.283136,2.0,0.0508924159803427,32684,0.0,,,,,,cpu,,,,,full_test,,,,,,0.7117370000341907,0.2574164579855278,One preprocessing/graph cost per experiment; do not sum this duplicated annotation across model rows.,cpu,CPU and MPS training times are different hardware scopes; no cross-device speed superiority claim.
ExtraTrees,60,37,6.937091708008666,741.7856,2.0,0.0527094999561086,32684,0.0,,,,,,cpu,,,,,full_test,,,,,,0.7117370000341907,0.2574164579855278,One preprocessing/graph cost per experiment; do not sum this duplicated annotation across model rows.,cpu,CPU and MPS training times are different hardware scopes; no cross-device speed superiority claim.
ExtraTrees,60,53,8.030115708010271,748.3392,2.0,0.0739591669989749,32684,0.0,,,,,,cpu,,,,,full_test,,,,,,0.7117370000341907,0.2574164579855278,One preprocessing/graph cost per experiment; do not sum this duplicated annotation across model rows.,cpu,CPU and MPS training times are different hardware scopes; no cross-device speed superiority claim.
ExtraTrees,60,71,7.592536624986678,698.44992,2.0,0.0652279999922029,32684,0.0,,,,,,cpu,,,,,full_test,,,,,,0.7117370000341907,0.2574164579855278,One preprocessing/graph cost per experiment; do not sum this duplicated annotation across model rows.,cpu,CPU and MPS training times are different hardware scopes; no cross-device speed superiority claim.
GRU-lite,15,11,,,,1.452404125011526,32707,0.0,224.9424030840164,4353.0,30.0,30.0,246.857728,mps,float32,116.310016,709.0932571680169,,full_test,,,,,,0.7117370000341907,0.2574164579855278,One preprocessing/graph cost per experiment; do not sum this duplicated annotation across model rows.,cpu,CPU and MPS training times are different hardware scopes; no cross-device speed superiority claim.
GRU-lite,15,23,,,,1.5222143749706447,32707,0.0,183.3886344580096,4353.0,23.0,18.0,274.546688,mps,float32,116.310016,183.3886344580096,,full_test,,,,,,0.7117370000341907,0.2574164579855278,One preprocessing/graph cost per experiment; do not sum this duplicated annotation across model rows.,cpu,CPU and MPS training times are different hardware scopes; no cross-device speed superiority claim.
GRU-lite,15,37,,,,1.4906092500314116,32707,0.0,131.61921812500805,4353.0,17.0,12.0,237.682688,mps,float32,116.310016,131.61921812500805,,full_test,,,,,,0.7117370000341907,0.2574164579855278,One preprocessing/graph cost per experiment; do not sum this duplicated annotation across model rows.,cpu,CPU and MPS training times are different hardware scopes; no cross-device speed superiority claim.
GRU-lite,15,53,,,,1.4621196250081994,32707,0.0,196.50138179195343,4353.0,26.0,21.0,271.024128,mps,float32,116.310016,196.50138179195343,,full_test,,,,,,0.7117370000341907,0.2574164579855278,One preprocessing/graph cost per experiment; do not sum this duplicated annotation across model rows.,cpu,CPU and MPS training times are different hardware scopes; no cross-device speed superiority claim.
GRU-lite,15,71,,,,1.4698660840513185,32707,0.0,213.83382304100087,4353.0,28.0,23.0,263.553024,mps,float32,116.310016,213.83382304100087,,full_test,,,,,,0.7117370000341907,0.2574164579855278,One preprocessing/graph cost per experiment; do not sum this duplicated annotation across model rows.,cpu,CPU and MPS training times are different hardware scopes; no cross-device speed superiority claim.
GRU-lite,60,11,,,,1.0633677499718033,32684,0.0,99.59555104200264,14849.0,30.0,28.0,342.933504,mps,float32,574.521344,533.788364667038,,full_test,,,,,,0.7117370000341907,0.2574164579855278,One preprocessing/graph cost per experiment; do not sum this duplicated annotation across model rows.,cpu,CPU and MPS training times are different hardware scopes; no cross-device speed superiority claim.
GRU-lite,60,23,,,,0.9599508750252426,32684,0.0,117.46258854103507,14849.0,30.0,30.0,296.517632,mps,float32,574.521344,117.46258854103507,,full_test,,,,,,0.7117370000341907,0.2574164579855278,One preprocessing/graph cost per experiment; do not sum this duplicated annotation across model rows.,cpu,CPU and MPS training times are different hardware scopes; no cross-device speed superiority claim.
GRU-lite,60,37,,,,0.9624063330120408,32684,0.0,108.17729083297309,14849.0,30.0,30.0,283.230208,mps,float32,574.521344,108.17729083297309,,full_test,,,,,,0.7117370000341907,0.2574164579855278,One preprocessing/graph cost per experiment; do not sum this duplicated annotation across model rows.,cpu,CPU and MPS training times are different hardware scopes; no cross-device speed superiority claim.
GRU-lite,60,53,,,,0.9622227500076406,32684,0.0,110.16611474996898,14849.0,30.0,30.0,299.433984,mps,float32,574.521344,110.16611474996898,,full_test,,,,,,0.7117370000341907,0.2574164579855278,One preprocessing/graph cost per experiment; do not sum this duplicated annotation across model rows.,cpu,CPU and MPS training times are different hardware scopes; no cross-device speed superiority claim.
GRU-lite,60,71,,,,0.9328125829924828,32684,0.0,107.80700108298332,14849.0,30.0,30.0,297.713664,mps,float32,574.521344,107.80700108298332,,full_test,,,,,,0.7117370000341907,0.2574164579855278,One preprocessing/graph cost per experiment; do not sum this duplicated annotation across model rows.,cpu,CPU and MPS training times are different hardware scopes; no cross-device speed superiority claim.
GraphTemporalMLP-lite,15,11,,,,0.0526308339904062,32707,0.0,28.474215375026688,26817.0,29.0,24.0,315.736064,mps,float32,189.906944,79.78656399995089,,full_test,,,,,,0.7117370000341907,0.2574164579855278,One preprocessing/graph cost per experiment; do not sum this duplicated annotation across model rows.,cpu,CPU and MPS training times are different hardware scopes; no cross-device speed superiority claim.
GraphTemporalMLP-lite,15,23,,,,0.0579770000185817,32707,0.0,11.72880433301907,26817.0,12.0,7.0,319.668224,mps,float32,189.939712,11.72880433301907,,full_test,,,,,,0.7117370000341907,0.2574164579855278,One preprocessing/graph cost per experiment; do not sum this duplicated annotation across model rows.,cpu,CPU and MPS training times are different hardware scopes; no cross-device speed superiority claim.
GraphTemporalMLP-lite,15,37,,,,0.0538481249823235,32707,0.0,26.18904658302199,26817.0,25.0,20.0,285.605888,mps,float32,189.939712,26.18904658302199,,full_test,,,,,,0.7117370000341907,0.2574164579855278,One preprocessing/graph cost per experiment; do not sum this duplicated annotation across model rows.,cpu,CPU and MPS training times are different hardware scopes; no cross-device speed superiority claim.
GraphTemporalMLP-lite,15,53,,,,0.0532164580072276,32707,0.0,19.382817750039976,26817.0,21.0,16.0,377.962496,mps,float32,189.939712,19.382817750039976,,full_test,,,,,,0.7117370000341907,0.2574164579855278,One preprocessing/graph cost per experiment; do not sum this duplicated annotation across model rows.,cpu,CPU and MPS training times are different hardware scopes; no cross-device speed superiority claim.
GraphTemporalMLP-lite,15,71,,,,0.045048083004076,32707,0.0,14.234150875010528,26817.0,15.0,10.0,334.88896,mps,float32,189.939712,14.234150875010528,,full_test,,,,,,0.7117370000341907,0.2574164579855278,One preprocessing/graph cost per experiment; do not sum this duplicated annotation across model rows.,cpu,CPU and MPS training times are different hardware scopes; no cross-device speed superiority claim.
GraphTemporalMLP-lite,60,11,,,,0.0392973329871892,32684,0.0,12.940682084008586,26817.0,16.0,11.0,429.080576,mps,float32,516.521984,48.855684458918404,,full_test,,,,,,0.7117370000341907,0.2574164579855278,One preprocessing/graph cost per experiment; do not sum this duplicated annotation across model rows.,cpu,CPU and MPS training times are different hardware scopes; no cross-device speed superiority claim.
GraphTemporalMLP-lite,60,23,,,,0.0479895409662276,32684,0.0,16.272831499984022,26817.0,19.0,14.0,424.42752,mps,float32,516.521984,16.272831499984022,,full_test,,,,,,0.7117370000341907,0.2574164579855278,One preprocessing/graph cost per experiment; do not sum this duplicated annotation across model rows.,cpu,CPU and MPS training times are different hardware scopes; no cross-device speed superiority claim.
GraphTemporalMLP-lite,60,37,,,,0.0448147500283084,32684,0.0,16.4260482499958,26817.0,19.0,14.0,307.77344,mps,float32,516.521984,16.4260482499958,,full_test,,,,,,0.7117370000341907,0.2574164579855278,One preprocessing/graph cost per experiment; do not sum this duplicated annotation across model rows.,cpu,CPU and MPS training times are different hardware scopes; no cross-device speed superiority claim.
GraphTemporalMLP-lite,60,53,,,,0.0447124579804949,32684,0.0,11.604763792012818,26817.0,15.0,10.0,298.68032,mps,float32,516.521984,11.604763792012818,,full_test,,,,,,0.7117370000341907,0.2574164579855278,One preprocessing/graph cost per experiment; do not sum this duplicated annotation across model rows.,cpu,CPU and MPS training times are different hardware scopes; no cross-device speed superiority claim.
GraphTemporalMLP-lite,60,71,,,,0.0526132920058444,32684,0.0,10.255789624992758,26817.0,13.0,8.0,305.39776,mps,float32,516.521984,10.255789624992758,,full_test,,,,,,0.7117370000341907,0.2574164579855278,One preprocessing/graph cost per experiment; do not sum this duplicated annotation across model rows.,cpu,CPU and MPS training times are different hardware scopes; no cross-device speed superiority claim.
HGB,15,0,6.984519875026308,385.990656,2.0,0.0839404580183327,32707,0.0,,,,,,cpu,,,,,full_test,,,,,,0.7117370000341907,0.2574164579855278,One preprocessing/graph cost per experiment; do not sum this duplicated annotation across model rows.,cpu,CPU and MPS training times are different hardware scopes; no cross-device speed superiority claim.
HGB,60,0,3.6663205840159208,627.933184,2.0,0.0876452919910661,32684,0.0,,,,,,cpu,,,,,full_test,,,,,,0.7117370000341907,0.2574164579855278,One preprocessing/graph cost per experiment; do not sum this duplicated annotation across model rows.,cpu,CPU and MPS training times are different hardware scopes; no cross-device speed superiority claim.
IA-GTPF,15,11,60.443211790930945,647.806976,9.0,0.4997801249846816,32707,0.5040244160336442,,,,,,cpu,,,,,full_test,,,,,,0.7117370000341907,0.2574164579855278,One preprocessing/graph cost per experiment; do not sum this duplicated annotation across model rows.,cpu,CPU and MPS training times are different hardware scopes; no cross-device speed superiority claim.
IA-GTPF,15,23,30.7236735849292,557.514752,9.0,0.5346117920125835,32707,0.4946915420005098,,,,,,cpu,,,,,full_test,,,,,,0.7117370000341907,0.2574164579855278,One preprocessing/graph cost per experiment; do not sum this duplicated annotation across model rows.,cpu,CPU and MPS training times are different hardware scopes; no cross-device speed superiority claim.
IA-GTPF,15,37,26.184184626908973,636.68224,9.0,0.5019325410248712,32707,0.4918437919695861,,,,,,cpu,,,,,full_test,,,,,,0.7117370000341907,0.2574164579855278,One preprocessing/graph cost per experiment; do not sum this duplicated annotation across model rows.,cpu,CPU and MPS training times are different hardware scopes; no cross-device speed superiority claim.
IA-GTPF,15,53,29.018293043074664,763.428864,9.0,0.4933955000014975,32707,0.4893293750355951,,,,,,cpu,,,,,full_test,,,,,,0.7117370000341907,0.2574164579855278,One preprocessing/graph cost per experiment; do not sum this duplicated annotation across model rows.,cpu,CPU and MPS training times are different hardware scopes; no cross-device speed superiority claim.
IA-GTPF,15,71,28.6409571680706,726.204416,9.0,0.5030456249951385,32707,0.4924319999990985,,,,,,cpu,,,,,full_test,,,,,,0.7117370000341907,0.2574164579855278,One preprocessing/graph cost per experiment; do not sum this duplicated annotation across model rows.,cpu,CPU and MPS training times are different hardware scopes; no cross-device speed superiority claim.
IA-GTPF,60,11,23.797431668033823,923.2384,9.0,0.4530775410239585,32684,0.4083852919866331,,,,,,cpu,,,,,full_test,,,,,,0.7117370000341907,0.2574164579855278,One preprocessing/graph cost per experiment; do not sum this duplicated annotation across model rows.,cpu,CPU and MPS training times are different hardware scopes; no cross-device speed superiority claim.
IA-GTPF,60,23,25.95206708292244,779.190272,9.0,0.4679479580372572,32684,0.409017333004158,,,,,,cpu,,,,,full_test,,,,,,0.7117370000341907,0.2574164579855278,One preprocessing/graph cost per experiment; do not sum this duplicated annotation across model rows.,cpu,CPU and MPS training times are different hardware scopes; no cross-device speed superiority claim.
IA-GTPF,60,37,24.844687377102673,711.835648,9.0,0.4070279590087011,32684,0.4220400829799473,,,,,,cpu,,,,,full_test,,,,,,0.7117370000341907,0.2574164579855278,One preprocessing/graph cost per experiment; do not sum this duplicated annotation across model rows.,cpu,CPU and MPS training times are different hardware scopes; no cross-device speed superiority claim.
IA-GTPF,60,53,28.581578167912085,765.689856,9.0,0.3991716669988818,32684,0.4096003330196254,,,,,,cpu,,,,,full_test,,,,,,0.7117370000341907,0.2574164579855278,One preprocessing/graph cost per experiment; do not sum this duplicated annotation across model rows.,cpu,CPU and MPS training times are different hardware scopes; no cross-device speed superiority claim.
IA-GTPF,60,71,26.233906751091126,682.934272,9.0,0.4141741250059567,32684,0.4416661250288598,,,,,,cpu,,,,,full_test,,,,,,0.7117370000341907,0.2574164579855278,One preprocessing/graph cost per experiment; do not sum this duplicated annotation across model rows.,cpu,CPU and MPS training times are different hardware scopes; no cross-device speed superiority claim.
PatchTST-lite,15,11,,,,0.3297497080056928,32707,0.0,50.16699091595365,20193.0,20.0,15.0,330.563584,mps,float32,157.794304,281.4817351658712,,full_test,,,,,,0.7117370000341907,0.2574164579855278,One preprocessing/graph cost per experiment; do not sum this duplicated annotation across model rows.,cpu,CPU and MPS training times are different hardware scopes; no cross-device speed superiority claim.
PatchTST-lite,15,23,,,,0.3340477920137346,32707,0.0,56.16808795899851,20193.0,21.0,16.0,343.2448,mps,float32,256.557056,56.16808795899851,,full_test,,,,,,0.7117370000341907,0.2574164579855278,One preprocessing/graph cost per experiment; do not sum this duplicated annotation across model rows.,cpu,CPU and MPS training times are different hardware scopes; no cross-device speed superiority claim.
PatchTST-lite,15,37,,,,0.3215857910108752,32707,0.0,41.08934175001923,20193.0,16.0,11.0,271.106048,mps,float32,256.557056,41.08934175001923,,full_test,,,,,,0.7117370000341907,0.2574164579855278,One preprocessing/graph cost per experiment; do not sum this duplicated annotation across model rows.,cpu,CPU and MPS training times are different hardware scopes; no cross-device speed superiority claim.
PatchTST-lite,15,53,,,,0.3126946249976754,32707,0.0,62.595500499999616,20193.0,28.0,23.0,269.369344,mps,float32,256.557056,62.595500499999616,,full_test,,,,,,0.7117370000341907,0.2574164579855278,One preprocessing/graph cost per experiment; do not sum this duplicated annotation across model rows.,cpu,CPU and MPS training times are different hardware scopes; no cross-device speed superiority claim.
PatchTST-lite,15,71,,,,0.3194130000192672,32707,0.0,28.799799792002887,20193.0,13.0,8.0,306.823168,mps,float32,256.557056,28.799799792002887,,full_test,,,,,,0.7117370000341907,0.2574164579855278,One preprocessing/graph cost per experiment; do not sum this duplicated annotation across model rows.,cpu,CPU and MPS training times are different hardware scopes; no cross-device speed superiority claim.
PatchTST-lite,60,11,,,,1.24115429201629,32684,0.0,47.0436154580093,73153.0,18.0,13.0,458.063872,mps,float32,585.105408,248.4735400819918,,full_test,,,,,,0.7117370000341907,0.2574164579855278,One preprocessing/graph cost per experiment; do not sum this duplicated annotation across model rows.,cpu,CPU and MPS training times are different hardware scopes; no cross-device speed superiority claim.
PatchTST-lite,60,23,,,,1.21433133300161,32684,0.0,47.86435229203198,73153.0,20.0,15.0,407.9616,mps,float32,596.21376,47.86435229203198,,full_test,,,,,,0.7117370000341907,0.2574164579855278,One preprocessing/graph cost per experiment; do not sum this duplicated annotation across model rows.,cpu,CPU and MPS training times are different hardware scopes; no cross-device speed superiority claim.
PatchTST-lite,60,37,,,,1.2532022090163082,32684,0.0,47.51069012499647,73153.0,19.0,14.0,295.010304,mps,float32,592.019456,47.51069012499647,,full_test,,,,,,0.7117370000341907,0.2574164579855278,One preprocessing/graph cost per experiment; do not sum this duplicated annotation across model rows.,cpu,CPU and MPS training times are different hardware scopes; no cross-device speed superiority claim.
PatchTST-lite,60,53,,,,1.269648999965284,32684,0.0,37.74021025002003,73153.0,15.0,10.0,336.986112,mps,float32,592.019456,37.74021025002003,,full_test,,,,,,0.7117370000341907,0.2574164579855278,One preprocessing/graph cost per experiment; do not sum this duplicated annotation across model rows.,cpu,CPU and MPS training times are different hardware scopes; no cross-device speed superiority claim.
PatchTST-lite,60,71,,,,1.251526375010144,32684,0.0,47.6003859579796,73153.0,19.0,14.0,342.818816,mps,float32,592.019456,47.6003859579796,,full_test,,,,,,0.7117370000341907,0.2574164579855278,One preprocessing/graph cost per experiment; do not sum this duplicated annotation across model rows.,cpu,CPU and MPS training times are different hardware scopes; no cross-device speed superiority claim.
Persistence,15,0,0.0,,,6.929202936589718e-05,32707,0.0,,,,,,cpu,,,,,full_test,,,,,,0.7117370000341907,0.2574164579855278,One preprocessing/graph cost per experiment; do not sum this duplicated annotation across model rows.,cpu,CPU and MPS training times are different hardware scopes; no cross-device speed superiority claim.
Persistence,60,0,0.0,,,7.149996235966682e-05,32684,0.0,,,,,,cpu,,,,,full_test,,,,,,0.7117370000341907,0.2574164579855278,One preprocessing/graph cost per experiment; do not sum this duplicated annotation across model rows.,cpu,CPU and MPS training times are different hardware scopes; no cross-device speed superiority claim.
QuantileForest,15,11,47.19689687399659,1381.711872,2.0,7.245764666993637,32707,0.0,,,,,,cpu,,,,,full_test,,,,,,0.7117370000341907,0.2574164579855278,One preprocessing/graph cost per experiment; do not sum this duplicated annotation across model rows.,cpu,CPU and MPS training times are different hardware scopes; no cross-device speed superiority claim.
QuantileForest,15,23,42.44563733303221,1267.777536,2.0,5.539583333011251,32707,0.0,,,,,,cpu,,,,,full_test,,,,,,0.7117370000341907,0.2574164579855278,One preprocessing/graph cost per experiment; do not sum this duplicated annotation across model rows.,cpu,CPU and MPS training times are different hardware scopes; no cross-device speed superiority claim.
QuantileForest,15,37,46.4026972510037,1353.187328,2.0,6.245080832974054,32707,0.0,,,,,,cpu,,,,,full_test,,,,,,0.7117370000341907,0.2574164579855278,One preprocessing/graph cost per experiment; do not sum this duplicated annotation across model rows.,cpu,CPU and MPS training times are different hardware scopes; no cross-device speed superiority claim.
QuantileForest,15,53,44.511822499043774,944.930816,2.0,5.361996499996167,32707,0.0,,,,,,cpu,,,,,full_test,,,,,,0.7117370000341907,0.2574164579855278,One preprocessing/graph cost per experiment; do not sum this duplicated annotation across model rows.,cpu,CPU and MPS training times are different hardware scopes; no cross-device speed superiority claim.
QuantileForest,15,71,42.27268049999839,1262.125056,2.0,5.616278874978889,32707,0.0,,,,,,cpu,,,,,full_test,,,,,,0.7117370000341907,0.2574164579855278,One preprocessing/graph cost per experiment; do not sum this duplicated annotation across model rows.,cpu,CPU and MPS training times are different hardware scopes; no cross-device speed superiority claim.
QuantileForest,60,11,44.46360191702843,1728.610304,2.0,6.802786624990404,32684,0.0,,,,,,cpu,,,,,full_test,,,,,,0.7117370000341907,0.2574164579855278,One preprocessing/graph cost per experiment; do not sum this duplicated annotation across model rows.,cpu,CPU and MPS training times are different hardware scopes; no cross-device speed superiority claim.
QuantileForest,60,23,40.99354195903288,1408.319488,2.0,4.415309541975148,32684,0.0,,,,,,cpu,,,,,full_test,,,,,,0.7117370000341907,0.2574164579855278,One preprocessing/graph cost per experiment; do not sum this duplicated annotation across model rows.,cpu,CPU and MPS training times are different hardware scopes; no cross-device speed superiority claim.
QuantileForest,60,37,43.66073949896963,1443.75808,2.0,5.323618916969281,32684,0.0,,,,,,cpu,,,,,full_test,,,,,,0.7117370000341907,0.2574164579855278,One preprocessing/graph cost per experiment; do not sum this duplicated annotation across model rows.,cpu,CPU and MPS training times are different hardware scopes; no cross-device speed superiority claim.
QuantileForest,60,53,42.18128212506417,1947.467776,2.0,5.030841832980514,32684,0.0,,,,,,cpu,,,,,full_test,,,,,,0.7117370000341907,0.2574164579855278,One preprocessing/graph cost per experiment; do not sum this duplicated annotation across model rows.,cpu,CPU and MPS training times are different hardware scopes; no cross-device speed superiority claim.
QuantileForest,60,71,40.4752713329508,2108.440576,2.0,3.760293749975972,32684,0.0,,,,,,cpu,,,,,full_test,,,,,,0.7117370000341907,0.2574164579855278,One preprocessing/graph cost per experiment; do not sum this duplicated annotation across model rows.,cpu,CPU and MPS training times are different hardware scopes; no cross-device speed superiority claim.
QuantileHGB,15,0,13.306733001023531,708.952064,4.0,0.2566373330191709,32707,0.0,,,,,,cpu,,,,,full_test,,,,,,0.7117370000341907,0.2574164579855278,One preprocessing/graph cost per experiment; do not sum this duplicated annotation across model rows.,cpu,CPU and MPS training times are different hardware scopes; no cross-device speed superiority claim.
QuantileHGB,60,0,12.749038708920125,705.839104,4.0,0.2289322500000707,32684,0.0,,,,,,cpu,,,,,full_test,,,,,,0.7117370000341907,0.2574164579855278,One preprocessing/graph cost per experiment; do not sum this duplicated annotation across model rows.,cpu,CPU and MPS training times are different hardware scopes; no cross-device speed superiority claim.
RandomForest,15,11,27.41001083399169,734.314496,2.0,0.0660947500145994,32707,0.0,,,,,,cpu,,,,,full_test,,,,,,0.7117370000341907,0.2574164579855278,One preprocessing/graph cost per experiment; do not sum this duplicated annotation across model rows.,cpu,CPU and MPS training times are different hardware scopes; no cross-device speed superiority claim.
RandomForest,15,23,26.469351332983933,720.289792,2.0,0.0616864160401746,32707,0.0,,,,,,cpu,,,,,full_test,,,,,,0.7117370000341907,0.2574164579855278,One preprocessing/graph cost per experiment; do not sum this duplicated annotation across model rows.,cpu,CPU and MPS training times are different hardware scopes; no cross-device speed superiority claim.
RandomForest,15,37,26.387909041019157,708.329472,2.0,0.0674961669719778,32707,0.0,,,,,,cpu,,,,,full_test,,,,,,0.7117370000341907,0.2574164579855278,One preprocessing/graph cost per experiment; do not sum this duplicated annotation across model rows.,cpu,CPU and MPS training times are different hardware scopes; no cross-device speed superiority claim.
RandomForest,15,53,26.65424391598208,717.963264,2.0,0.0648178329574875,32707,0.0,,,,,,cpu,,,,,full_test,,,,,,0.7117370000341907,0.2574164579855278,One preprocessing/graph cost per experiment; do not sum this duplicated annotation across model rows.,cpu,CPU and MPS training times are different hardware scopes; no cross-device speed superiority claim.
RandomForest,15,71,28.363667708006687,550.846464,2.0,0.0609354170155711,32707,0.0,,,,,,cpu,,,,,full_test,,,,,,0.7117370000341907,0.2574164579855278,One preprocessing/graph cost per experiment; do not sum this duplicated annotation across model rows.,cpu,CPU and MPS training times are different hardware scopes; no cross-device speed superiority claim.
RandomForest,60,11,26.45549070899142,622.051328,2.0,0.06212958303513,32684,0.0,,,,,,cpu,,,,,full_test,,,,,,0.7117370000341907,0.2574164579855278,One preprocessing/graph cost per experiment; do not sum this duplicated annotation across model rows.,cpu,CPU and MPS training times are different hardware scopes; no cross-device speed superiority claim.
RandomForest,60,23,28.117833458003588,663.552,2.0,0.056111832964234,32684,0.0,,,,,,cpu,,,,,full_test,,,,,,0.7117370000341907,0.2574164579855278,One preprocessing/graph cost per experiment; do not sum this duplicated annotation across model rows.,cpu,CPU and MPS training times are different hardware scopes; no cross-device speed superiority claim.
RandomForest,60,37,26.06248349993257,589.479936,2.0,0.0521634999895468,32684,0.0,,,,,,cpu,,,,,full_test,,,,,,0.7117370000341907,0.2574164579855278,One preprocessing/graph cost per experiment; do not sum this duplicated annotation across model rows.,cpu,CPU and MPS training times are different hardware scopes; no cross-device speed superiority claim.
RandomForest,60,53,26.558922666066792,676.036608,2.0,0.0622575829620473,32684,0.0,,,,,,cpu,,,,,full_test,,,,,,0.7117370000341907,0.2574164579855278,One preprocessing/graph cost per experiment; do not sum this duplicated annotation across model rows.,cpu,CPU and MPS training times are different hardware scopes; no cross-device speed superiority claim.
RandomForest,60,71,27.66883587493794,657.014784,2.0,0.0618615000275895,32684,0.0,,,,,,cpu,,,,,full_test,,,,,,0.7117370000341907,0.2574164579855278,One preprocessing/graph cost per experiment; do not sum this duplicated annotation across model rows.,cpu,CPU and MPS training times are different hardware scopes; no cross-device speed superiority claim.
Ridge,15,0,0.0693400420132092,985.874432,3.0,0.0250929999747313,32707,0.0,,,,,,cpu,,,,,full_test,,,,,,0.7117370000341907,0.2574164579855278,One preprocessing/graph cost per experiment; do not sum this duplicated annotation across model rows.,cpu,CPU and MPS training times are different hardware scopes; no cross-device speed superiority claim.
Ridge,60,0,0.1613665830227545,863.911936,3.0,0.0242307499866001,32684,0.0,,,,,,cpu,,,,,full_test,,,,,,0.7117370000341907,0.2574164579855278,One preprocessing/graph cost per experiment; do not sum this duplicated annotation across model rows.,cpu,CPU and MPS training times are different hardware scopes; no cross-device speed superiority claim.
STGCN,15,11,,,,2.4000231249956414,32707,0.0,68.13744004198816,70689.0,17.0,12.0,422.559744,mps,float32,305.627136,577.0330251260893,,full_test,,,,,,0.7117370000341907,0.2574164579855278,One preprocessing/graph cost per experiment; do not sum this duplicated annotation across model rows.,cpu,CPU and MPS training times are different hardware scopes; no cross-device speed superiority claim.
STGCN,15,23,,,,2.3235615830053575,32707,0.0,56.496429040969815,70689.0,16.0,11.0,468.516864,mps,float32,653.328384,56.496429040969815,,full_test,,,,,,0.7117370000341907,0.2574164579855278,One preprocessing/graph cost per experiment; do not sum this duplicated annotation across model rows.,cpu,CPU and MPS training times are different hardware scopes; no cross-device speed superiority claim.
STGCN,15,37,,,,2.2877942500053905,32707,0.0,35.35688500001561,70689.0,10.0,5.0,354.828288,mps,float32,597.508096,35.35688500001561,,full_test,,,,,,0.7117370000341907,0.2574164579855278,One preprocessing/graph cost per experiment; do not sum this duplicated annotation across model rows.,cpu,CPU and MPS training times are different hardware scopes; no cross-device speed superiority claim.
STGCN,15,53,,,,2.286875791964121,32707,0.0,28.550534957961645,70689.0,8.0,3.0,344.326144,mps,float32,600.899584,28.550534957961645,,full_test,,,,,,0.7117370000341907,0.2574164579855278,One preprocessing/graph cost per experiment; do not sum this duplicated annotation across model rows.,cpu,CPU and MPS training times are different hardware scopes; no cross-device speed superiority claim.
STGCN,15,71,,,,2.286758332978934,32707,0.0,63.054624249984045,70689.0,18.0,13.0,372.441088,mps,float32,597.508096,63.054624249984045,,full_test,,,,,,0.7117370000341907,0.2574164579855278,One preprocessing/graph cost per experiment; do not sum this duplicated annotation across model rows.,cpu,CPU and MPS training times are different hardware scopes; no cross-device speed superiority claim.
STGCN,60,11,,,,4.244389042025432,32684,0.0,55.389324000047054,251905.0,12.0,7.0,451.149824,mps,float32,1659.666432,413.1067902080831,,full_test,,,,,,0.7117370000341907,0.2574164579855278,One preprocessing/graph cost per experiment; do not sum this duplicated annotation across model rows.,cpu,CPU and MPS training times are different hardware scopes; no cross-device speed superiority claim.
STGCN,60,23,,,,4.272757125028875,32684,0.0,74.4400132499868,251905.0,15.0,10.0,448.315392,mps,float32,1733.26336,74.4400132499868,,full_test,,,,,,0.7117370000341907,0.2574164579855278,One preprocessing/graph cost per experiment; do not sum this duplicated annotation across model rows.,cpu,CPU and MPS training times are different hardware scopes; no cross-device speed superiority claim.
STGCN,60,37,,,,4.272761041997001,32684,0.0,103.02127708302578,251905.0,21.0,16.0,409.534464,mps,float32,1659.86304,103.02127708302578,,full_test,,,,,,0.7117370000341907,0.2574164579855278,One preprocessing/graph cost per experiment; do not sum this duplicated annotation across model rows.,cpu,CPU and MPS training times are different hardware scopes; no cross-device speed superiority claim.
STGCN,60,53,,,,4.243375500023831,32684,0.0,91.84757600002922,251905.0,19.0,14.0,349.47072,mps,float32,1661.140992,91.84757600002922,,full_test,,,,,,0.7117370000341907,0.2574164579855278,One preprocessing/graph cost per experiment; do not sum this duplicated annotation across model rows.,cpu,CPU and MPS training times are different hardware scopes; no cross-device speed superiority claim.
STGCN,60,71,,,,4.2635122499777935,32684,0.0,69.69458395801485,251905.0,14.0,9.0,386.383872,mps,float32,1659.86304,69.69458395801485,,full_test,,,,,,0.7117370000341907,0.2574164579855278,One preprocessing/graph cost per experiment; do not sum this duplicated annotation across model rows.,cpu,CPU and MPS training times are different hardware scopes; no cross-device speed superiority claim.
Seasonal Persistence,15,0,0.0,,,3.241701051592827e-05,32707,0.0,,,,,,cpu,,,,,full_test,,,,,,0.7117370000341907,0.2574164579855278,One preprocessing/graph cost per experiment; do not sum this duplicated annotation across model rows.,cpu,CPU and MPS training times are different hardware scopes; no cross-device speed superiority claim.
Seasonal Persistence,60,0,0.0,,,3.1958974432200193e-05,32684,0.0,,,,,,cpu,,,,,full_test,,,,,,0.7117370000341907,0.2574164579855278,One preprocessing/graph cost per experiment; do not sum this duplicated annotation across model rows.,cpu,CPU and MPS training times are different hardware scopes; no cross-device speed superiority claim.
TCN-lite,15,11,,,,14.215876165952068,32707,0.0,78.69351554202149,39297.0,30.0,26.0,346.865664,mps,float32,1185.005568,179.79630079306662,,full_test,,,,,,0.7117370000341907,0.2574164579855278,One preprocessing/graph cost per experiment; do not sum this duplicated annotation across model rows.,cpu,CPU and MPS training times are different hardware scopes; no cross-device speed superiority claim.
TCN-lite,15,23,,,,14.234873833018357,32707,0.0,47.14947050000774,39297.0,19.0,14.0,264.142848,mps,float32,1185.005568,47.14947050000774,,full_test,,,,,,0.7117370000341907,0.2574164579855278,One preprocessing/graph cost per experiment; do not sum this duplicated annotation across model rows.,cpu,CPU and MPS training times are different hardware scopes; no cross-device speed superiority claim.
TCN-lite,15,37,,,,14.178331875009462,32707,0.0,56.72112975001801,39297.0,21.0,16.0,274.497536,mps,float32,1185.005568,56.72112975001801,,full_test,,,,,,0.7117370000341907,0.2574164579855278,One preprocessing/graph cost per experiment; do not sum this duplicated annotation across model rows.,cpu,CPU and MPS training times are different hardware scopes; no cross-device speed superiority claim.
TCN-lite,15,53,,,,14.2444797080243,32707,0.0,66.78272645798279,39297.0,25.0,20.0,248.823808,mps,float32,1185.005568,66.78272645798279,,full_test,,,,,,0.7117370000341907,0.2574164579855278,One preprocessing/graph cost per experiment; do not sum this duplicated annotation across model rows.,cpu,CPU and MPS training times are different hardware scopes; no cross-device speed superiority claim.
TCN-lite,15,71,,,,15.216336541983765,32707,0.0,72.4147670409875,39297.0,28.0,23.0,263.012352,mps,float32,1185.005568,72.4147670409875,,full_test,,,,,,0.7117370000341907,0.2574164579855278,One preprocessing/graph cost per experiment; do not sum this duplicated annotation across model rows.,cpu,CPU and MPS training times are different hardware scopes; no cross-device speed superiority claim.
TCN-lite,60,11,,,,8.600601457990706,32684,0.0,37.15083620900987,10433.0,19.0,14.0,373.9648,mps,float32,643.448832,156.79256933403667,,full_test,,,,,,0.7117370000341907,0.2574164579855278,One preprocessing/graph cost per experiment; do not sum this duplicated annotation across model rows.,cpu,CPU and MPS training times are different hardware scopes; no cross-device speed superiority claim.
TCN-lite,60,23,,,,8.505565625033341,32684,0.0,16.898696209012996,10433.0,9.0,4.0,362.397696,mps,float32,643.514368,16.898696209012996,,full_test,,,,,,0.7117370000341907,0.2574164579855278,One preprocessing/graph cost per experiment; do not sum this duplicated annotation across model rows.,cpu,CPU and MPS training times are different hardware scopes; no cross-device speed superiority claim.
TCN-lite,60,37,,,,8.534334041003603,32684,0.0,14.859425625007134,10433.0,8.0,3.0,377.749504,mps,float32,643.514368,14.859425625007134,,full_test,,,,,,0.7117370000341907,0.2574164579855278,One preprocessing/graph cost per experiment; do not sum this duplicated annotation across model rows.,cpu,CPU and MPS training times are different hardware scopes; no cross-device speed superiority claim.
TCN-lite,60,53,,,,8.464785916963592,32684,0.0,16.913177583017386,10433.0,9.0,4.0,392.085504,mps,float32,643.514368,16.913177583017386,,full_test,,,,,,0.7117370000341907,0.2574164579855278,One preprocessing/graph cost per experiment; do not sum this duplicated annotation across model rows.,cpu,CPU and MPS training times are different hardware scopes; no cross-device speed superiority claim.
TCN-lite,60,71,,,,8.559325625014026,32684,0.0,44.268551208020654,10433.0,23.0,18.0,379.158528,mps,float32,643.514368,44.268551208020654,,full_test,,,,,,0.7117370000341907,0.2574164579855278,One preprocessing/graph cost per experiment; do not sum this duplicated annotation across model rows.,cpu,CPU and MPS training times are different hardware scopes; no cross-device speed superiority claim.
Conformalized ExtraTrees,15,11,7.006485792051535,981.56544,2.0,0.0723021249868907,32707,0.0754665829590521,,,,,,cpu,,,,Same ET point checkpoint; calibration cost is additional.,full_test,,,,,,0.7117370000341907,0.2574164579855278,One preprocessing/graph cost per experiment; do not sum this duplicated annotation across model rows.,cpu,CPU and MPS training times are different hardware scopes; no cross-device speed superiority claim.
Conformalized ExtraTrees,15,23,7.114850917016156,872.071168,2.0,0.0757353749941103,32707,0.0710723749944008,,,,,,cpu,,,,Same ET point checkpoint; calibration cost is additional.,full_test,,,,,,0.7117370000341907,0.2574164579855278,One preprocessing/graph cost per experiment; do not sum this duplicated annotation across model rows.,cpu,CPU and MPS training times are different hardware scopes; no cross-device speed superiority claim.
Conformalized ExtraTrees,15,37,7.251707791001536,847.4624,2.0,0.0790318329818546,32707,0.0759237090242095,,,,,,cpu,,,,Same ET point checkpoint; calibration cost is additional.,full_test,,,,,,0.7117370000341907,0.2574164579855278,One preprocessing/graph cost per experiment; do not sum this duplicated annotation across model rows.,cpu,CPU and MPS training times are different hardware scopes; no cross-device speed superiority claim.
Conformalized ExtraTrees,15,53,6.9866589159937575,805.60128,2.0,0.0788710830383934,32707,0.0717634169850498,,,,,,cpu,,,,Same ET point checkpoint; calibration cost is additional.,full_test,,,,,,0.7117370000341907,0.2574164579855278,One preprocessing/graph cost per experiment; do not sum this duplicated annotation across model rows.,cpu,CPU and MPS training times are different hardware scopes; no cross-device speed superiority claim.
Conformalized ExtraTrees,15,71,6.946228874963708,823.21408,2.0,0.0806189999566413,32707,0.0836674169986508,,,,,,cpu,,,,Same ET point checkpoint; calibration cost is additional.,full_test,,,,,,0.7117370000341907,0.2574164579855278,One preprocessing/graph cost per experiment; do not sum this duplicated annotation across model rows.,cpu,CPU and MPS training times are different hardware scopes; no cross-device speed superiority claim.
Conformalized ExtraTrees,60,11,7.255585416976828,893.599744,2.0,0.0525396669982001,32684,0.0654427499976009,,,,,,cpu,,,,Same ET point checkpoint; calibration cost is additional.,full_test,,,,,,0.7117370000341907,0.2574164579855278,One preprocessing/graph cost per experiment; do not sum this duplicated annotation across model rows.,cpu,CPU and MPS training times are different hardware scopes; no cross-device speed superiority claim.
Conformalized ExtraTrees,60,23,7.043243875959888,760.283136,2.0,0.0508924159803427,32684,0.0610723749850876,,,,,,cpu,,,,Same ET point checkpoint; calibration cost is additional.,full_test,,,,,,0.7117370000341907,0.2574164579855278,One preprocessing/graph cost per experiment; do not sum this duplicated annotation across model rows.,cpu,CPU and MPS training times are different hardware scopes; no cross-device speed superiority claim.
Conformalized ExtraTrees,60,37,6.937091708008666,741.7856,2.0,0.0527094999561086,32684,0.0605010000290349,,,,,,cpu,,,,Same ET point checkpoint; calibration cost is additional.,full_test,,,,,,0.7117370000341907,0.2574164579855278,One preprocessing/graph cost per experiment; do not sum this duplicated annotation across model rows.,cpu,CPU and MPS training times are different hardware scopes; no cross-device speed superiority claim.
Conformalized ExtraTrees,60,53,8.030115708010271,748.3392,2.0,0.0739591669989749,32684,0.0622051249956712,,,,,,cpu,,,,Same ET point checkpoint; calibration cost is additional.,full_test,,,,,,0.7117370000341907,0.2574164579855278,One preprocessing/graph cost per experiment; do not sum this duplicated annotation across model rows.,cpu,CPU and MPS training times are different hardware scopes; no cross-device speed superiority claim.
Conformalized ExtraTrees,60,71,7.592536624986678,698.44992,2.0,0.0652279999922029,32684,0.0638996249763295,,,,,,cpu,,,,Same ET point checkpoint; calibration cost is additional.,full_test,,,,,,0.7117370000341907,0.2574164579855278,One preprocessing/graph cost per experiment; do not sum this duplicated annotation across model rows.,cpu,CPU and MPS training times are different hardware scopes; no cross-device speed superiority claim.
Lag-Llama zero-shot,15,11,0.0,,,13.36330512497807,1024,,,2449299.0,,,,cpu,,,,Zero-shot; separate pinned environment; no training performed.,foundation_matched_subset,1.2209942414271455,4.5280233849388285,32.0,zero_shot,20.0,0.7117370000341907,0.2574164579855278,One preprocessing/graph cost per experiment; do not sum this duplicated annotation across model rows.,cpu,CPU and MPS training times are different hardware scopes; no cross-device speed superiority claim.
Lag-Llama zero-shot,15,23,0.0,,,13.35271195898531,1024,,,2449299.0,,,,cpu,,,,Zero-shot; separate pinned environment; no training performed.,foundation_matched_subset,1.258507039251774,4.991589872486105,32.0,zero_shot,20.0,0.7117370000341907,0.2574164579855278,One preprocessing/graph cost per experiment; do not sum this duplicated annotation across model rows.,cpu,CPU and MPS training times are different hardware scopes; no cross-device speed superiority claim.
Lag-Llama zero-shot,15,37,0.0,,,13.727504583017437,1024,,,2449299.0,,,,cpu,,,,Zero-shot; separate pinned environment; no training performed.,foundation_matched_subset,1.2358427152796172,4.609586770798279,32.0,zero_shot,20.0,0.7117370000341907,0.2574164579855278,One preprocessing/graph cost per experiment; do not sum this duplicated annotation across model rows.,cpu,CPU and MPS training times are different hardware scopes; no cross-device speed superiority claim.
Lag-Llama zero-shot,15,53,0.0,,,13.4116801659693,1024,,,2449299.0,,,,cpu,,,,Zero-shot; separate pinned environment; no training performed.,foundation_matched_subset,1.1904027719895236,4.225857428739621,32.0,zero_shot,20.0,0.7117370000341907,0.2574164579855278,One preprocessing/graph cost per experiment; do not sum this duplicated annotation across model rows.,cpu,CPU and MPS training times are different hardware scopes; no cross-device speed superiority claim.
Lag-Llama zero-shot,15,71,0.0,,,13.680888874980155,1024,,,2449299.0,,,,cpu,,,,Zero-shot; separate pinned environment; no training performed.,foundation_matched_subset,1.1936335793977373,3.950780103033766,32.0,zero_shot,20.0,0.7117370000341907,0.2574164579855278,One preprocessing/graph cost per experiment; do not sum this duplicated annotation across model rows.,cpu,CPU and MPS training times are different hardware scopes; no cross-device speed superiority claim.
Lag-Llama zero-shot,60,11,0.0,,,70.64267558295978,1024,,,2449299.0,,,,cpu,,,,Zero-shot; separate pinned environment; no training performed.,foundation_matched_subset,1.4362116414712167,5.954530567356281,32.0,zero_shot,20.0,0.7117370000341907,0.2574164579855278,One preprocessing/graph cost per experiment; do not sum this duplicated annotation across model rows.,cpu,CPU and MPS training times are different hardware scopes; no cross-device speed superiority claim.
Lag-Llama zero-shot,60,23,0.0,,,67.40555170795415,1024,,,2449299.0,,,,cpu,,,,Zero-shot; separate pinned environment; no training performed.,foundation_matched_subset,1.4202261481389953,5.439627439614697,32.0,zero_shot,20.0,0.7117370000341907,0.2574164579855278,One preprocessing/graph cost per experiment; do not sum this duplicated annotation across model rows.,cpu,CPU and MPS training times are different hardware scopes; no cross-device speed superiority claim.
Lag-Llama zero-shot,60,37,0.0,,,70.16057645803085,1024,,,2449299.0,,,,cpu,,,,Zero-shot; separate pinned environment; no training performed.,foundation_matched_subset,1.5031374835648288,6.027411373816715,32.0,zero_shot,20.0,0.7117370000341907,0.2574164579855278,One preprocessing/graph cost per experiment; do not sum this duplicated annotation across model rows.,cpu,CPU and MPS training times are different hardware scopes; no cross-device speed superiority claim.
Lag-Llama zero-shot,60,53,0.0,,,70.01235775003443,1024,,,2449299.0,,,,cpu,,,,Zero-shot; separate pinned environment; no training performed.,foundation_matched_subset,1.4643715735528926,5.725068093355957,32.0,zero_shot,20.0,0.7117370000341907,0.2574164579855278,One preprocessing/graph cost per experiment; do not sum this duplicated annotation across model rows.,cpu,CPU and MPS training times are different hardware scopes; no cross-device speed superiority claim.
Lag-Llama zero-shot,60,71,0.0,,,73.99737416597782,1024,,,2449299.0,,,,cpu,,,,Zero-shot; separate pinned environment; no training performed.,foundation_matched_subset,1.4698739539606238,6.142861568018883,32.0,zero_shot,20.0,0.7117370000341907,0.2574164579855278,One preprocessing/graph cost per experiment; do not sum this duplicated annotation across model rows.,cpu,CPU and MPS training times are different hardware scopes; no cross-device speed superiority claim.
