cohort,scope,model,horizon_minutes,seed,n,coverage,width,calibration_error,interval_score,pinball_0.05,pinball_0.5,pinball_0.95,mean_pinball,WIS_single_90_interval
public1,all_ten_sites,Conformalized ExtraTrees,15,11,23295,0.9042713028546898,7.6032931588613195,0.004271302854689796,16.569462899410542,0.3954988137359496,0.6038342812109704,0.43297433123457774,0.4774358087271659,0.9548716174543318
public1,public_building_only,Conformalized ExtraTrees,15,11,946,0.9682875264270613,7.6032931588613195,0.06828752642706126,8.471503064513229,0.20656827026517524,0.34439743062974887,0.21700688296048637,0.2559908612851369,0.5119817225702734
public1,all_ten_sites,QuantileForest,15,11,23295,0.9207984546039922,6.093428443567042,0.02079845460399221,7.774959562593041,0.14771231656572617,0.5939221803019785,0.2410356615639261,0.32755671947721027,0.6551134389544204
public1,public_building_only,QuantileForest,15,11,946,0.9355179704016914,3.61058787718975,0.03551797040169136,4.7055080452516735,0.09596537652789452,0.33731935520393996,0.13931002573468923,0.19086491915550788,0.38172983831101576
public1,all_ten_sites,IA-GTPF,15,11,23295,0.9221292122773127,15.096496877121966,0.022129212277312682,16.83473011673214,0.5939404639911311,0.604514477923555,0.24779604184547593,0.48208366125338736,0.9641673225067744
public1,public_building_only,IA-GTPF,15,11,946,0.9164904862579282,4.854717969816153,0.01649048625792815,6.593252787548735,0.1772742052021322,0.45430288340629893,0.1523884341753046,0.2613218409279119,0.5226436818558238
public1,all_ten_sites,Conformalized ExtraTrees,15,23,23295,0.9037561708521142,7.604429276869354,0.0037561708521142156,16.591388786264492,0.40155306829265375,0.6060187849256884,0.42801637102057094,0.4785294080796377,0.9570588161592756
public1,public_building_only,Conformalized ExtraTrees,15,23,946,0.9651162790697675,7.604429276869353,0.06511627906976747,8.596885658443394,0.21314416677240067,0.3474932939764009,0.21670011614976917,0.2591125256328569,0.5182250512657137
public1,all_ten_sites,QuantileForest,15,23,23295,0.9209272376046362,6.097247150982888,0.020927237604636217,7.821042564990736,0.14877143490648392,0.5984421119731531,0.24228069334305308,0.32983141340756333,0.6596628268151267
public1,public_building_only,QuantileForest,15,23,946,0.9365750528541226,3.6164860822235365,0.03657505285412255,4.707717154633432,0.09438487226036157,0.32840960098541466,0.1410009854713101,0.18793181957236213,0.37586363914472415
public1,all_ten_sites,IA-GTPF,15,23,23295,0.9218716462760249,15.096485475824363,0.021871646276024892,16.84025420523798,0.5939726156727897,0.6044264935320914,0.24804009458910922,0.48214640126466346,0.9642928025293268
public1,public_building_only,IA-GTPF,15,23,946,0.9164904862579282,4.854405779759538,0.01649048625792815,6.589747388966267,0.17723017266711732,0.4540665889659154,0.15225719678119606,0.26118465280474296,0.5223693056094859
public1,all_ten_sites,Conformalized ExtraTrees,15,37,23295,0.9044000858553337,7.619105968468646,0.004400085855333691,16.6462397931525,0.3990903932475809,0.6061678767085853,0.4332215964100442,0.4794932887887368,0.9589865775774736
public1,public_building_only,Conformalized ExtraTrees,15,37,946,0.9630021141649049,7.619105968468645,0.06300211416490487,8.533524572144184,0.20902630146546625,0.35203173167278884,0.21764992714174317,0.2595693200933327,0.5191386401866654
public1,all_ten_sites,QuantileForest,15,37,23295,0.921184803605924,6.111145073054669,0.021184803605924007,7.817965212399898,0.14851811196142234,0.592899338500913,0.2423801486585727,0.32793253304030273,0.6558650660806054
public1,public_building_only,QuantileForest,15,37,946,0.9429175475687104,3.7241264277377715,0.04291754756871036,4.701162309815627,0.09447724198211584,0.3332927144967198,0.14058087350866558,0.1894502766625004,0.3789005533250008
public1,all_ten_sites,IA-GTPF,15,37,23295,0.9232024039493454,15.096504648594774,0.023202403949345363,16.835905680668333,0.5937848648291362,0.6039458872091565,0.24801041920428066,0.48191372374752445,0.9638274474950489
public1,public_building_only,IA-GTPF,15,37,946,0.9164904862579282,4.854670795719986,0.01649048625792815,6.591526555256469,0.17721941231704785,0.4542349358410769,0.1523569154457757,0.2612704212013001,0.5225408424026002
public1,all_ten_sites,Conformalized ExtraTrees,15,53,23295,0.9037132431852328,7.5584139692378125,0.0037132431852328063,16.626349521630402,0.3992406151687516,0.6065433702689652,0.4320768609127686,0.47928694878349515,0.9585738975669904
public1,public_building_only,Conformalized ExtraTrees,15,53,946,0.9651162790697675,7.558413969237814,0.06511627906976747,8.405000887229788,0.20430777077455106,0.3399475096194249,0.21594227358693832,0.25339918466030475,0.5067983693206094
public1,all_ten_sites,QuantileForest,15,53,23295,0.9188237819274523,6.107866694212,0.018823781927452266,7.840124737620182,0.1502162980652731,0.5965776340755155,0.2417899388157362,0.32952795698550824,0.6590559139710165
public1,public_building_only,QuantileForest,15,53,946,0.9386892177589852,3.6978625600524255,0.03868921775898515,4.744884387603289,0.09826473605901286,0.33501110621808794,0.1389794833211517,0.19075177519941752,0.38150355039883493
public1,all_ten_sites,IA-GTPF,15,53,23295,0.9213994419403305,15.096485401750508,0.0213994419403305,16.82544827814624,0.5938136068952643,0.604967556718212,0.24745880701204795,0.48207999020850817,0.9641599804170161
public1,public_building_only,IA-GTPF,15,53,946,0.9175475687103594,4.854428328610848,0.01754756871035934,6.588788480920204,0.1772141571961269,0.4537471372729606,0.15222526684988333,0.2610621871063236,0.5221243742126472
public1,all_ten_sites,Conformalized ExtraTrees,15,71,23295,0.9037561708521142,7.611084442836387,0.0037561708521142156,16.568681068029566,0.3978730065002107,0.6037697810924291,0.4305610469012678,0.4774012781646358,0.9548025563292716
public1,public_building_only,Conformalized ExtraTrees,15,71,946,0.9704016913319239,7.611084442836386,0.07040169133192387,8.594689288199913,0.20942405481761325,0.3368217242861728,0.22031040959238252,0.2555187295653895,0.5110374591307789
public1,all_ten_sites,QuantileForest,15,71,23295,0.9212277312728053,6.12941297582266,0.021227731272805306,7.825858239030842,0.149390135385357,0.5932702404407831,0.2419027765661852,0.3281877174641084,0.6563754349282168
public1,public_building_only,QuantileForest,15,71,946,0.9418604651162791,3.6668984146700625,0.041860465116279055,4.708962612963203,0.09564879332731212,0.3352206918091713,0.1397993373208481,0.1902229408191105,0.380445881638221
public1,all_ten_sites,IA-GTPF,15,71,23295,0.9230306932818201,15.096504341887153,0.023030693281820058,16.825990948545105,0.593959268793436,0.6045384365178663,0.24734027863381933,0.4819459946483739,0.9638919892967476
public1,public_building_only,IA-GTPF,15,71,946,0.9164904862579282,4.854589098224842,0.01649048625792815,6.5899946165861225,0.1772637828844961,0.4540452016898628,0.15223594794481016,0.26118164417305634,0.5223632883461126
public1,all_ten_sites,Conformalized ExtraTrees,60,11,23273,0.9050831435569114,9.922535510478198,0.005083143556911418,24.129201335897555,0.6320194082347029,0.8599903975294262,0.574440658560175,0.6888168214414346,1.3776336428828693
public1,public_building_only,Conformalized ExtraTrees,60,11,946,0.9260042283298098,9.922535510478202,0.026004228329809753,13.225592701479876,0.2864571862783963,0.6034313447257585,0.37482244879559756,0.4215703265999175,0.8431406531998348
public1,all_ten_sites,QuantileForest,60,11,23273,0.9092510634641,8.287684857997997,0.009251063464099984,11.403461822620725,0.1953390331272419,0.8792669777598338,0.37483405800379455,0.48314668963029006,0.9662933792605798
public1,public_building_only,QuantileForest,60,11,946,0.9112050739957717,5.440696162458762,0.011205073995771642,9.67477896181812,0.1327482347591251,0.6179812584893515,0.3509907133317811,0.36724006886008587,0.7344801377201717
public1,all_ten_sites,IA-GTPF,60,11,23273,0.9025480170154256,16.191696454055215,0.0025480170154256188,19.418866046946288,0.6057896354433753,0.8695251195442415,0.3651536669039392,0.613489473963852,1.2269789479277038
public1,public_building_only,IA-GTPF,60,11,946,0.8583509513742071,5.432990966856733,0.041649048625792884,11.500847693865683,0.1961534162222521,0.6572492365436171,0.3788889684710321,0.4107638737456338,0.8215277474912673
public1,all_ten_sites,Conformalized ExtraTrees,60,23,23273,0.9043097151205259,10.022025070605334,0.004309715120525914,24.383620814873634,0.6419457183874008,0.8676562723856389,0.5772353223562809,0.6956124377097735,1.391224875419547
public1,public_building_only,Conformalized ExtraTrees,60,23,946,0.9323467230443975,10.022025070605334,0.03234672304439745,13.194639124926777,0.28766543027299446,0.60532766085475,0.37206652597334455,0.4216865390336963,0.8433730780673926
public1,all_ten_sites,QuantileForest,60,23,23273,0.9112705710479956,8.386992359993233,0.011270571047995559,11.340186948584135,0.19639949243887161,0.868429589474268,0.37060985499033544,0.4784796456344917,0.9569592912689834
public1,public_building_only,QuantileForest,60,23,946,0.9112050739957717,5.613067265318951,0.011205073995771642,9.87068189450796,0.13980663103637322,0.6101078033853395,0.353727463689025,0.3678806327035793,0.7357612654071585
public1,all_ten_sites,IA-GTPF,60,23,23273,0.9026339535083573,16.191100383193408,0.0026339535083572674,19.43290427642851,0.6057827184238126,0.869342523563546,0.365862495397613,0.6136625791283239,1.2273251582566478
public1,public_building_only,IA-GTPF,60,23,946,0.8583509513742071,5.432416014746028,0.041649048625792884,11.540329258001956,0.1962130092447077,0.6584750008932405,0.38080345365539015,0.41183048793111277,0.8236609758622255
public1,all_ten_sites,Conformalized ExtraTrees,60,37,23273,0.9034073819447428,10.2012454092297,0.003407381944742771,24.469772006381373,0.6500376547340669,0.87490824405748,0.5734509455850019,0.6994656147921829,1.3989312295843659
public1,public_building_only,Conformalized ExtraTrees,60,37,946,0.927061310782241,10.2012454092297,0.027061310782240944,13.484781746755317,0.29570090932632886,0.6107932898863315,0.3785381780114372,0.4283441257413658,0.8566882514827316
public1,all_ten_sites,QuantileForest,60,37,23273,0.9099815236540196,8.377944786479235,0.009981523654019608,11.40079758723682,0.1938995510652316,0.8705369370030719,0.3761403282966096,0.4801922721216377,0.9603845442432752
public1,public_building_only,QuantileForest,60,37,946,0.9133192389006343,5.565301540179198,0.013319238900634245,9.72424955114116,0.13201744880361443,0.6221650405104772,0.3541950287534438,0.3694591726891785,0.7389183453783569
public1,all_ten_sites,IA-GTPF,60,37,23273,0.9026769217548232,16.192765660253997,0.002676921754823147,19.429661251959462,0.6059042834474111,0.8695995500597643,0.36557877915056225,0.6136942042192459,1.2273884084384918
public1,public_building_only,IA-GTPF,60,37,946,0.8583509513742071,5.43388422005495,0.041649048625792884,11.498792157150573,0.19616687066728633,0.6571338304865844,0.37877273719024224,0.4106911461147043,0.8213822922294085
public1,all_ten_sites,Conformalized ExtraTrees,60,53,23273,0.9042237786275942,9.97890325276846,0.004223778627594155,24.148589863136593,0.6305538891612423,0.8620391527465071,0.5768756039955877,0.6898228819677791,1.3796457639355577
public1,public_building_only,Conformalized ExtraTrees,60,53,946,0.9281183932346723,9.978903252768463,0.028118393234672245,13.280076792717058,0.2894883196747982,0.6073957974927271,0.3745155199610546,0.42379987904285993,0.8475997580857199
public1,all_ten_sites,QuantileForest,60,53,23273,0.9103682378722124,8.373524428386963,0.010368237872212416,11.319690599659426,0.19391444330807184,0.8757411441785488,0.3720700866748997,0.4805752247205068,0.9611504494410134
public1,public_building_only,QuantileForest,60,53,946,0.912262156448203,5.445015899955067,0.012262156448202943,9.579415535806943,0.13139342883419095,0.6277955647005622,0.34757734795615636,0.36892211383030316,0.7378442276606063
public1,all_ten_sites,IA-GTPF,60,53,23273,0.9029776994800842,16.19301161109575,0.002977699480084195,19.387761470712174,0.6052386965465005,0.8698276068850929,0.36414937698910854,0.6130718934735673,1.2261437869471346
public1,public_building_only,IA-GTPF,60,53,946,0.8583509513742071,5.434304179322736,0.041649048625792884,11.527337874981123,0.19629674329461005,0.6579013085706366,0.3800701504544462,0.4114227341065642,0.8228454682131284
public1,all_ten_sites,Conformalized ExtraTrees,60,71,23273,0.9049972070639797,9.95184963228674,0.004997207063979658,24.087796596409937,0.6213005722295181,0.8583967684541773,0.583089257590979,0.6875955327582247,1.3751910655164494
public1,public_building_only,Conformalized ExtraTrees,60,71,946,0.9249471458773785,9.951849632286734,0.02494714587737845,13.334562120826375,0.2873768018972539,0.6064976363731491,0.37935130414406526,0.42440858080482274,0.8488171616096455
public1,all_ten_sites,QuantileForest,60,71,23273,0.9122158724702445,8.374840173064172,0.012215872470244471,11.28747384060697,0.1949425310332767,0.8772466734282673,0.369431160997072,0.48054012181953865,0.9610802436390772
public1,public_building_only,QuantileForest,60,71,946,0.912262156448203,5.644277715602721,0.012262156448202943,9.765317076624504,0.14427860958215366,0.6245086089180427,0.3439872442490716,0.37092482091642265,0.7418496418328454
public1,all_ten_sites,IA-GTPF,60,71,23273,0.9025050487689598,16.19448968284121,0.002505048768959739,19.42669252800314,0.6055451425817546,0.8704612481302647,0.3657894838184026,0.6139319581768073,1.2278639163536145
public1,public_building_only,IA-GTPF,60,71,946,0.8583509513742071,5.435423076411875,0.041649048625792884,11.544176502353944,0.19615329558247485,0.6597657430488619,0.3810555295352224,0.4123248560555197,0.8246497121110394
public2,all_ten_sites,Conformalized ExtraTrees,15,11,6456,0.8945167286245354,6.671752378908707,0.005483271375464671,16.908141387176407,0.39346760069704023,0.6505600058349849,0.45193946866178025,0.4986556917312684,0.997311383462537
public2,public_building_only,Conformalized ExtraTrees,15,11,591,0.6632825719120136,6.671752378908706,0.23671742808798646,52.63631566561364,1.1475304049509065,2.0956728939024623,1.484285378329776,1.5758295590610485,3.151659118122097
public2,all_ten_sites,QuantileForest,15,11,6456,0.9258054522924412,6.37462170034905,0.025805452292441133,8.518318073865135,0.1773092401371865,0.6400383426928492,0.24860666355607042,0.3553180821287021,0.7106361642574041
public2,public_building_only,QuantileForest,15,11,591,0.9424703891708968,22.468268807478037,0.04247038917089674,33.08787891308946,0.7687120662601902,2.171018934754281,0.8856818793942836,1.2751376268029182,2.5502752536058364
public2,all_ten_sites,IA-GTPF,15,11,6456,0.8962205700123915,13.429573507115467,0.003779429987608496,16.29136851387469,0.5510573854511427,0.6567510287826108,0.26351104024259203,0.49043981815878185,0.9808796363175638
public2,public_building_only,IA-GTPF,15,11,591,0.9238578680203046,52.217164090239244,0.02385786802030454,63.69412927851352,2.2402585255082577,2.307526147525713,0.9444479384174194,1.8307442038171302,3.6614884076342595
public2,all_ten_sites,Conformalized ExtraTrees,15,23,6456,0.8925030978934325,6.369384328222169,0.0074969021065675046,16.84148561385592,0.38820241155507357,0.6460334624215909,0.4538718691377225,0.49603591437146227,0.9920718287429247
public2,public_building_only,Conformalized ExtraTrees,15,23,591,0.6514382402707276,6.369384328222168,0.2485617597292724,54.54260300229869,1.1716389313163431,2.1185666950663697,1.5554912187985914,1.6152322817271016,3.2304645634542024
public2,all_ten_sites,QuantileForest,15,23,6456,0.9296778190830235,6.403423295124789,0.02967781908302347,8.545249534745022,0.17911810035724893,0.6483844995119348,0.24814437638000228,0.358548992083062,0.7170979841661239
public2,public_building_only,QuantileForest,15,23,591,0.9323181049069373,22.920729326231132,0.03231810490693732,33.69245717225886,0.8024361906827662,2.245503462920117,0.8821866679301773,1.3100421071776869,2.6200842143553738
public2,all_ten_sites,IA-GTPF,15,23,6456,0.8980793060718711,13.42939248764808,0.0019206939281288804,16.2694195760663,0.5508828736205348,0.6558517195578284,0.2625881051827805,0.48977423278704796,0.9795484655740957
public2,public_building_only,IA-GTPF,15,23,591,0.9204737732656514,52.217164090239244,0.020473773265651363,63.52512192561544,2.239600937342228,2.305124137542556,0.9366551589385438,1.8271267446077761,3.6542534892155523
public2,all_ten_sites,Conformalized ExtraTrees,15,37,6456,0.8918835192069393,6.412789753768351,0.00811648079306071,16.851657040468265,0.3888303293808602,0.6480449203491427,0.4537525226425532,0.49687592412418535,0.9937518482483706
public2,public_building_only,Conformalized ExtraTrees,15,37,591,0.6429780033840947,6.412789753768351,0.2570219966159053,54.46772952532366,1.1640349721384355,2.126580321897518,1.5593515041277477,1.6166555993879006,3.233311198775801
public2,all_ten_sites,QuantileForest,15,37,6456,0.9267348203221809,6.376538499720657,0.026734820322180886,8.487427748788669,0.1760241263390327,0.6367096578445703,0.24834726110040095,0.3536936817613347,0.7073873635226692
public2,public_building_only,QuantileForest,15,37,591,0.9306260575296108,22.588112300177432,0.030626057529610784,33.67702452122412,0.7638024132961765,2.153378779619387,0.92004881276503,1.2790766685601977,2.558153337120395
public2,all_ten_sites,IA-GTPF,15,37,6456,0.8956009913258984,13.429516081089501,0.00439900867410159,16.279116456032725,0.5508383721839306,0.6575843874154762,0.26311745061770575,0.4905134034057042,0.9810268068114083
public2,public_building_only,IA-GTPF,15,37,591,0.9187817258883249,52.21716409023925,0.01878172588832483,63.47849002710388,2.2395761618626806,2.3125287375799464,0.9343483394925135,1.8288177463117135,3.6576354926234274
public2,all_ten_sites,Conformalized ExtraTrees,15,53,6456,0.8918835192069393,6.50913634832628,0.00811648079306071,16.80452844254333,0.3941109167394895,0.647871279198459,0.4461155053876772,0.49603256710854193,0.9920651342170839
public2,public_building_only,Conformalized ExtraTrees,15,53,591,0.6463620981387479,6.50913634832628,0.2536379018612521,53.46221255018005,1.1807738548769224,2.119760824955942,1.4923367726320806,1.597623817488315,3.19524763497663
public2,all_ten_sites,QuantileForest,15,53,6456,0.9296778190830235,6.341844616186981,0.02967781908302347,8.49832117214455,0.17590235548015895,0.6410255214874377,0.24901370312706878,0.35531386003155513,0.7106277200631103
public2,public_building_only,QuantileForest,15,53,591,0.9390862944162437,22.705883681108556,0.03908629441624367,33.0436158067482,0.7578432938134944,2.1973839071368237,0.8943374965239159,1.2831882324914112,2.5663764649828225
public2,all_ten_sites,IA-GTPF,15,53,6456,0.8945167286245354,13.4294501684687,0.005483271375464671,16.248604296402803,0.5503647437948271,0.6573419929914609,0.26206547102531313,0.4899240692705337,0.9798481385410676
public2,public_building_only,IA-GTPF,15,53,591,0.9204737732656514,52.217164090239244,0.020473773265651363,63.40950276482724,2.2348048926114883,2.304528988727464,0.935670245629874,1.8250013756562753,3.650002751312551
public2,all_ten_sites,Conformalized ExtraTrees,15,71,6456,0.8909541511771994,6.290339075897165,0.009045848822800573,16.893818406124783,0.3900637037558174,0.6452040592114383,0.45462721655042193,0.4966316598392259,0.9932633196784518
public2,public_building_only,Conformalized ExtraTrees,15,71,591,0.6429780033840947,6.290339075897168,0.2570219966159053,55.088292848911145,1.1862353687140357,2.1275007693080794,1.5681792737315219,1.6273051372512122,3.2546102745024252
public2,all_ten_sites,QuantileForest,15,71,6456,0.9268897149938042,6.356139575339165,0.026889714993804215,8.487601615387678,0.17698445149707712,0.6366552792152202,0.24739562927230704,0.3536784533282014,0.7073569066564028
public2,public_building_only,QuantileForest,15,71,591,0.937394247038917,22.624737460651353,0.03739424703891703,33.948782785178864,0.7821352217755516,2.1592286865259718,0.915303917483392,1.2855559419283051,2.5711118838566103
public2,all_ten_sites,IA-GTPF,15,71,6456,0.8963754646840149,13.429404351843631,0.0036245353159851668,16.26141043978344,0.5508550075907924,0.6543264911934437,0.26221551439837965,0.48913233772753867,0.9782646754550773
public2,public_building_only,IA-GTPF,15,71,591,0.9238578680203046,52.217164090239244,0.02385786802030454,63.44992331932917,2.2396703920238923,2.294101795571609,0.9328257739425673,1.8221993205126894,3.6443986410253792
public2,all_ten_sites,Conformalized ExtraTrees,60,11,6429,0.8999844454814123,9.793679774659608,1.5554518587701516e-05,25.055928060546083,0.5274407465003768,0.9452661966401943,0.7253556565269277,0.7326875332224997,1.465375066444999
public2,public_building_only,Conformalized ExtraTrees,60,11,588,0.5238095238095238,9.793679774659608,0.3761904761904762,89.84865555132892,1.5467156847947598,3.6569009153560215,2.9457170927716856,2.716444564307489,5.432889128614978
public2,all_ten_sites,QuantileForest,60,11,6429,0.9259604915227874,9.13829631564432,0.025960491522787343,11.862591337384679,0.2389951462178367,0.9969106102848337,0.35413442065139744,0.5300133923846894,1.0600267847693785
public2,public_building_only,QuantileForest,60,11,588,0.9251700680272109,36.01987799451552,0.02517006802721089,48.846404852902666,1.0340922632655356,3.979951043327824,1.4082279793795989,2.1407570953243193,4.281514190648639
public2,all_ten_sites,IA-GTPF,60,11,6429,0.8786747550163323,11.650820237999435,0.021325244983667724,17.32824266393443,0.44007832299027944,1.013188638286143,0.4263338102064423,0.6265335904942883,1.2530671809885765
public2,public_building_only,IA-GTPF,60,11,588,0.8197278911564626,45.9076508371095,0.08027210884353742,73.59008154496745,1.8555499351035907,4.173349210517575,1.8239541421447827,2.6176177625886496,5.2352355251772975
public2,all_ten_sites,Conformalized ExtraTrees,60,23,6429,0.9029398040130658,10.025418543476462,0.0029398040130658165,24.910252268193048,0.5237924920437836,0.9358569330901766,0.721720121365869,0.7271231821666099,1.4542463643332197
public2,public_building_only,Conformalized ExtraTrees,60,23,588,0.5238095238095238,10.025418543476462,0.3761904761904762,88.38327393221938,1.4265043071301682,3.6529805702301146,2.9926593894808016,2.6907147556136946,5.381429511227389
public2,all_ten_sites,QuantileForest,60,23,6429,0.9287603048685643,9.391820280091297,0.02876030486856429,12.17857066770055,0.23483521125476578,0.9917507549423582,0.3740933221302619,0.5335597627757953,1.0671195255515906
public2,public_building_only,QuantileForest,60,23,588,0.9251700680272109,35.97635961136651,0.02517006802721089,50.099970195221104,1.030708079745285,3.9189736658929446,1.474290430015771,2.1413240585513336,4.282648117102666
public2,all_ten_sites,IA-GTPF,60,23,6429,0.8810079328044798,11.656123549033715,0.018992067195520268,17.26911435382323,0.44004645384193886,1.0141542458320265,0.42340926384922284,0.6258699878410627,1.2517399756821255
public2,public_building_only,IA-GTPF,60,23,588,0.8214285714285714,45.91292744784436,0.07857142857142863,73.47030310054812,1.8582085377023585,4.188725753668767,1.8153066173250485,2.6207469695653915,5.241493939130782
public2,all_ten_sites,Conformalized ExtraTrees,60,37,6429,0.9029398040130658,10.164067183496924,0.0029398040130658165,25.141771474280254,0.5290254204818211,0.9420214648826581,0.7280631532321921,0.7330366795322237,1.4660733590644472
public2,public_building_only,Conformalized ExtraTrees,60,37,588,0.5153061224489796,10.164067183496924,0.38469387755102047,90.54812465972229,1.556985590070691,3.7163159904454086,2.970420642915424,2.7479074078105072,5.495814815621016
public2,all_ten_sites,QuantileForest,60,37,6429,0.9261160367086638,9.05838179896055,0.026116036708663803,11.855741237560254,0.2377991186088801,0.9912092811556,0.35498794326913286,0.5279987810112043,1.0559975620224085
public2,public_building_only,QuantileForest,60,37,588,0.9285714285714286,35.69257338819699,0.02857142857142858,49.01329424425663,1.0493878171087392,3.979227187070584,1.401276895104093,2.143297299761139,4.286594599522277
public2,all_ten_sites,IA-GTPF,60,37,6429,0.8788303002022088,11.65051762088353,0.021169699797791264,17.24168319212352,0.43979830862555896,1.0141669250000294,0.42228585098061705,0.6254170282020685,1.2508340564041367
public2,public_building_only,IA-GTPF,60,37,588,0.8231292517006803,45.90738125813075,0.07687074829931972,73.63331253140656,1.857915788632228,4.198298326532434,1.8237498379381007,2.6266546510342543,5.253309302068509
public2,all_ten_sites,Conformalized ExtraTrees,60,53,6429,0.9048063462435838,10.351771461194275,0.004806346243583781,25.4139534570062,0.5404415570061029,0.9458894227031173,0.7302561158442071,0.7388623651844757,1.4777247303689514
public2,public_building_only,Conformalized ExtraTrees,60,53,588,0.5306122448979592,10.351771461194279,0.3693877551020408,90.78928178866245,1.5818598791741183,3.7382313457497593,2.9576042102590043,2.759231811727627,5.518463623455254
public2,all_ten_sites,QuantileForest,60,53,6429,0.9250272204075284,9.195291540476413,0.02502722040752836,11.751671203351863,0.23898122492960855,0.9878582578216005,0.34860233523798495,0.5251472726630647,1.0502945453261294
public2,public_building_only,QuantileForest,60,53,588,0.9251700680272109,36.613494391476785,0.02517006802721089,49.10005492452194,1.0428128768580152,3.938814146526031,1.4121898693680826,2.1312722975840432,4.262544595168086
public2,all_ten_sites,IA-GTPF,60,53,6429,0.8808523876186032,11.651564351387002,0.01914761238139684,17.292391489337888,0.4402031037840061,1.0129782815901087,0.4244164706828887,0.6258659520190012,1.2517319040380024
public2,public_building_only,IA-GTPF,60,53,588,0.8282312925170068,45.90837713494675,0.07176870748299324,72.97304515765398,1.853306509946267,4.144973633248505,1.7953457479364332,2.597875297043735,5.195750594087469
public2,all_ten_sites,Conformalized ExtraTrees,60,71,6429,0.9052729818012133,10.152355421158541,0.005272981801213272,25.154035963850973,0.5268515984579057,0.9404920693448539,0.730850199734643,0.7327312891791342,1.4654625783582687
public2,public_building_only,Conformalized ExtraTrees,60,71,588,0.5408163265306123,10.152355421158537,0.35918367346938773,89.96529555815869,1.5085348649879022,3.6865283964961737,2.9897299129200325,2.7282643914680365,5.456528782936071
public2,all_ten_sites,QuantileForest,60,71,6429,0.9250272204075284,9.096547068461152,0.02502722040752836,11.879796998990743,0.24045233523986545,0.9954283938243048,0.3535375147096721,0.5298060812579474,1.0596121625158947
public2,public_building_only,QuantileForest,60,71,588,0.9302721088435374,36.02260454730411,0.03027210884353737,49.55564902638815,1.0653839596049257,3.982296211572552,1.4123984917144832,2.1533595542973205,4.306719108594639
public2,all_ten_sites,IA-GTPF,60,71,6429,0.8785192098304557,11.649811302423224,0.021480790169544295,17.3179023339035,0.4403042142077396,1.0154166874351216,0.42559090248743553,0.627103934710099,1.254207869420198
public2,public_building_only,IA-GTPF,60,71,588,0.826530612244898,45.90661846846201,0.07346938775510203,73.83180922869748,1.857168146226945,4.187931442211341,1.8344223152079302,2.626507301215405,5.25301460243081
