cohort,scope,origin,model,horizon_minutes,seed,reference,n,MAE,RMSE,R2
public1,all_ten_sites,101,Persistence,15,0,measured,23295,1.2554187222897184,3.3650356764382083,0.9832193170975501
public1,all_ten_sites,101,Persistence,15,0,supplier_interpolated,851,2.356061489573795,4.272414519679494,-0.6392601667899687
public1,all_ten_sites,101,Persistence,15,0,raw_unscreened,23295,1.2554187222897184,3.3650356764382083,0.9832193170975501
public1,public_building_only,101,Persistence,15,0,measured,946,0.647776441691562,1.4229430757937347,0.9002562665045872
public1,public_building_only,101,Persistence,15,0,supplier_interpolated,424,3.891568101415118,5.9061486897258195,-1.8121366646444907
public1,public_building_only,101,Persistence,15,0,raw_unscreened,946,0.647776441691562,1.4229430757937347,0.9002562665045872
public1,all_ten_sites,101,Seasonal Persistence,15,0,measured,23295,3.2930620585610533,10.885186046501898,0.8244091030421319
public1,all_ten_sites,101,Seasonal Persistence,15,0,supplier_interpolated,851,1.8030817889232986,3.136873230747857,0.11631993596192702
public1,all_ten_sites,101,Seasonal Persistence,15,0,raw_unscreened,23295,3.2930620585610533,10.885186046501898,0.8244091030421319
public1,public_building_only,101,Seasonal Persistence,15,0,measured,946,1.4104342141707176,3.4383393664689295,0.41761786242676724
public1,public_building_only,101,Seasonal Persistence,15,0,supplier_interpolated,424,2.738464622641519,4.233156415170064,-0.44462891108004143
public1,public_building_only,101,Seasonal Persistence,15,0,raw_unscreened,946,1.4104342141707176,3.4383393664689295,0.41761786242676724
public1,all_ten_sites,101,ExtraTrees,15,11,measured,23295,1.2076685624219408,3.193597219837506,0.9848856119627066
public1,all_ten_sites,101,ExtraTrees,15,11,supplier_interpolated,851,2.168968550385009,3.2610738389283496,0.044958186809628486
public1,all_ten_sites,101,ExtraTrees,15,11,raw_unscreened,23295,1.2076685624219408,3.193597219837506,0.9848856119627066
public1,public_building_only,101,ExtraTrees,15,11,measured,946,0.6887948612594977,1.3753411739470174,0.9068181225626961
public1,public_building_only,101,ExtraTrees,15,11,supplier_interpolated,424,3.567652159529701,4.489866508928561,-0.6251540256459303
public1,public_building_only,101,ExtraTrees,15,11,raw_unscreened,946,0.6887948612594977,1.3753411739470174,0.9068181225626961
public1,all_ten_sites,101,Conformalized ExtraTrees,15,11,measured,23295,1.2076685624219408,3.193597219837506,0.9848856119627066
public1,all_ten_sites,101,Conformalized ExtraTrees,15,11,supplier_interpolated,851,2.168968550385009,3.2610738389283496,0.044958186809628486
public1,all_ten_sites,101,Conformalized ExtraTrees,15,11,raw_unscreened,23295,1.2076685624219408,3.193597219837506,0.9848856119627066
public1,public_building_only,101,Conformalized ExtraTrees,15,11,measured,946,0.6887948612594977,1.3753411739470174,0.9068181225626961
public1,public_building_only,101,Conformalized ExtraTrees,15,11,supplier_interpolated,424,3.567652159529701,4.489866508928561,-0.6251540256459303
public1,public_building_only,101,Conformalized ExtraTrees,15,11,raw_unscreened,946,0.6887948612594977,1.3753411739470174,0.9068181225626961
public1,all_ten_sites,101,QuantileForest,15,11,measured,23295,1.187844360603957,3.2237649614933135,0.9845987125655932
public1,all_ten_sites,101,QuantileForest,15,11,supplier_interpolated,851,2.0561259415536073,3.4979386020003633,-0.0988172928680815
public1,all_ten_sites,101,QuantileForest,15,11,raw_unscreened,23295,1.187844360603957,3.2237649614933135,0.9845987125655932
public1,public_building_only,101,QuantileForest,15,11,measured,946,0.6746387104078799,1.3958589196326352,0.9040171549034748
public1,public_building_only,101,QuantileForest,15,11,supplier_interpolated,424,3.3661451011468038,4.827281138533784,-0.8785936736174669
public1,public_building_only,101,QuantileForest,15,11,raw_unscreened,946,0.6746387104078799,1.3958589196326352,0.9040171549034748
public1,all_ten_sites,101,IA-GTPF,15,11,measured,23295,1.1720317073324389,3.147436375628832,0.9853193865264358
public1,all_ten_sites,101,IA-GTPF,15,11,supplier_interpolated,851,1.6327700407072654,2.8757311021876646,0.25732694036322623
public1,all_ten_sites,101,IA-GTPF,15,11,raw_unscreened,23295,1.1720317073324389,3.147436375628832,0.9853193865264358
public1,public_building_only,101,IA-GTPF,15,11,measured,946,0.7265177873244228,1.4661840512201836,0.8941020509853731
public1,public_building_only,101,IA-GTPF,15,11,supplier_interpolated,424,2.5353344032113108,3.9332732238299037,-0.24719942334210687
public1,public_building_only,101,IA-GTPF,15,11,raw_unscreened,946,0.7265177873244228,1.4661840512201836,0.8941020509853731
public1,all_ten_sites,101,ExtraTrees,15,23,measured,23295,1.2120375698513768,3.2007861078677453,0.9848174894479391
public1,all_ten_sites,101,ExtraTrees,15,23,supplier_interpolated,851,2.210561482776132,3.2487633518544294,0.05215510365493259
public1,all_ten_sites,101,ExtraTrees,15,23,raw_unscreened,23295,1.2120375698513768,3.2007861078677453,0.9848174894479391
public1,public_building_only,101,ExtraTrees,15,23,measured,946,0.6949865879528018,1.411707447669749,0.9018252105198292
public1,public_building_only,101,ExtraTrees,15,23,supplier_interpolated,424,3.642069911802524,4.468639624579157,-0.6098237656901355
public1,public_building_only,101,ExtraTrees,15,23,raw_unscreened,946,0.6949865879528018,1.411707447669749,0.9018252105198292
public1,all_ten_sites,101,Conformalized ExtraTrees,15,23,measured,23295,1.2120375698513768,3.2007861078677453,0.9848174894479391
public1,all_ten_sites,101,Conformalized ExtraTrees,15,23,supplier_interpolated,851,2.210561482776132,3.2487633518544294,0.05215510365493259
public1,all_ten_sites,101,Conformalized ExtraTrees,15,23,raw_unscreened,23295,1.2120375698513768,3.2007861078677453,0.9848174894479391
public1,public_building_only,101,Conformalized ExtraTrees,15,23,measured,946,0.6949865879528018,1.411707447669749,0.9018252105198292
public1,public_building_only,101,Conformalized ExtraTrees,15,23,supplier_interpolated,424,3.642069911802524,4.468639624579157,-0.6098237656901355
public1,public_building_only,101,Conformalized ExtraTrees,15,23,raw_unscreened,946,0.6949865879528018,1.411707447669749,0.9018252105198292
public1,all_ten_sites,101,QuantileForest,15,23,measured,23295,1.1968842239463062,3.248724214175923,0.9843593075772287
public1,all_ten_sites,101,QuantileForest,15,23,supplier_interpolated,851,2.0805594412317756,3.572937212450175,-0.1464414769260356
public1,all_ten_sites,101,QuantileForest,15,23,raw_unscreened,23295,1.1968842239463062,3.248724214175923,0.9843593075772287
public1,public_building_only,101,QuantileForest,15,23,measured,946,0.6568192019708293,1.3739106495990596,0.9070118630298905
public1,public_building_only,101,QuantileForest,15,23,supplier_interpolated,424,3.4166128054606424,4.937606908978761,-0.9654440905532835
public1,public_building_only,101,QuantileForest,15,23,raw_unscreened,946,0.6568192019708293,1.3739106495990596,0.9070118630298905
public1,all_ten_sites,101,IA-GTPF,15,23,measured,23295,1.1725343602695006,3.1509066707662865,0.9852869956269986
public1,all_ten_sites,101,IA-GTPF,15,23,supplier_interpolated,851,1.6126991475408547,2.7684269862801645,0.31171664136946753
public1,all_ten_sites,101,IA-GTPF,15,23,raw_unscreened,23295,1.1725343602695006,3.1509066707662865,0.9852869956269986
public1,public_building_only,101,IA-GTPF,15,23,measured,946,0.7250772662847071,1.4608114481357795,0.8948767221284913
public1,public_building_only,101,IA-GTPF,15,23,supplier_interpolated,424,2.486595782663353,3.772024112383212,-0.14703479072053516
public1,public_building_only,101,IA-GTPF,15,23,raw_unscreened,946,0.7250772662847071,1.4608114481357795,0.8948767221284913
public1,all_ten_sites,101,ExtraTrees,15,37,measured,23295,1.2123357534171706,3.206185026123312,0.9847662281257268
public1,all_ten_sites,101,ExtraTrees,15,37,supplier_interpolated,851,1.9881622330961486,3.0814650116260847,0.14726202663206034
public1,all_ten_sites,101,ExtraTrees,15,37,raw_unscreened,23295,1.2123357534171706,3.206185026123312,0.9847662281257268
public1,public_building_only,101,ExtraTrees,15,37,measured,946,0.7040634633455777,1.4020928283856966,0.9031579213489798
public1,public_building_only,101,ExtraTrees,15,37,supplier_interpolated,424,3.2085147184994782,4.2258633306048505,-0.4396554473142924
public1,public_building_only,101,ExtraTrees,15,37,raw_unscreened,946,0.7040634633455777,1.4020928283856966,0.9031579213489798
public1,all_ten_sites,101,Conformalized ExtraTrees,15,37,measured,23295,1.2123357534171706,3.206185026123312,0.9847662281257268
public1,all_ten_sites,101,Conformalized ExtraTrees,15,37,supplier_interpolated,851,1.9881622330961486,3.0814650116260847,0.14726202663206034
public1,all_ten_sites,101,Conformalized ExtraTrees,15,37,raw_unscreened,23295,1.2123357534171706,3.206185026123312,0.9847662281257268
public1,public_building_only,101,Conformalized ExtraTrees,15,37,measured,946,0.7040634633455777,1.4020928283856966,0.9031579213489798
public1,public_building_only,101,Conformalized ExtraTrees,15,37,supplier_interpolated,424,3.2085147184994782,4.2258633306048505,-0.4396554473142924
public1,public_building_only,101,Conformalized ExtraTrees,15,37,raw_unscreened,946,0.7040634633455777,1.4020928283856966,0.9031579213489798
public1,all_ten_sites,101,QuantileForest,15,37,measured,23295,1.185798677001826,3.216528871660945,0.9846677746873281
public1,all_ten_sites,101,QuantileForest,15,37,supplier_interpolated,851,2.05769527759269,3.522501152452022,-0.1143032801332331
public1,all_ten_sites,101,QuantileForest,15,37,raw_unscreened,23295,1.185798677001826,3.216528871660945,0.9846677746873281
public1,public_building_only,101,QuantileForest,15,37,measured,946,0.6665854289934396,1.376756043088358,0.9066263040087645
public1,public_building_only,101,QuantileForest,15,37,supplier_interpolated,424,3.3780649121725816,4.866718595217412,-0.9094141660384569
public1,public_building_only,101,QuantileForest,15,37,raw_unscreened,946,0.6665854289934396,1.376756043088358,0.9066263040087645
public1,all_ten_sites,101,IA-GTPF,15,37,measured,23295,1.1706031104824062,3.1474686468318374,0.9853190854792152
public1,all_ten_sites,101,IA-GTPF,15,37,supplier_interpolated,851,1.6225645046960895,2.8116538985418607,0.2900547771142281
public1,all_ten_sites,101,IA-GTPF,15,37,raw_unscreened,23295,1.1706031104824062,3.1474686468318374,0.9853190854792152
public1,public_building_only,101,IA-GTPF,15,37,measured,946,0.7244970046757777,1.4745373792228054,0.8928919433864209
public1,public_building_only,101,IA-GTPF,15,37,supplier_interpolated,424,2.5107580500268747,3.835958309370596,-0.1862478192601611
public1,public_building_only,101,IA-GTPF,15,37,raw_unscreened,946,0.7244970046757777,1.4745373792228054,0.8928919433864209
public1,all_ten_sites,101,ExtraTrees,15,53,measured,23295,1.2130867405379304,3.213331902622462,0.984698237519954
public1,all_ten_sites,101,ExtraTrees,15,53,supplier_interpolated,851,2.1773169559928838,3.108951636092696,0.1319813561517471
public1,all_ten_sites,101,ExtraTrees,15,53,raw_unscreened,23295,1.2130867405379304,3.213331902622462,0.984698237519954
public1,public_building_only,101,ExtraTrees,15,53,measured,946,0.6798950192388498,1.362687545330702,0.9085248479546617
public1,public_building_only,101,ExtraTrees,15,53,supplier_interpolated,424,3.611468164167512,4.27681728367259,-0.4745824581461693
public1,public_building_only,101,ExtraTrees,15,53,raw_unscreened,946,0.6798950192388498,1.362687545330702,0.9085248479546617
public1,all_ten_sites,101,Conformalized ExtraTrees,15,53,measured,23295,1.2130867405379304,3.213331902622462,0.984698237519954
public1,all_ten_sites,101,Conformalized ExtraTrees,15,53,supplier_interpolated,851,2.1773169559928838,3.108951636092696,0.1319813561517471
public1,all_ten_sites,101,Conformalized ExtraTrees,15,53,raw_unscreened,23295,1.2130867405379304,3.213331902622462,0.984698237519954
public1,public_building_only,101,Conformalized ExtraTrees,15,53,measured,946,0.6798950192388498,1.362687545330702,0.9085248479546617
public1,public_building_only,101,Conformalized ExtraTrees,15,53,supplier_interpolated,424,3.611468164167512,4.27681728367259,-0.4745824581461693
public1,public_building_only,101,Conformalized ExtraTrees,15,53,raw_unscreened,946,0.6798950192388498,1.362687545330702,0.9085248479546617
public1,all_ten_sites,101,QuantileForest,15,53,measured,23295,1.193155268151031,3.2389328194042015,0.9844534450919954
public1,all_ten_sites,101,QuantileForest,15,53,supplier_interpolated,851,2.040518663205108,3.460224069709839,-0.0752502861742037
public1,all_ten_sites,101,QuantileForest,15,53,raw_unscreened,23295,1.193155268151031,3.2389328194042015,0.9844534450919954
public1,public_building_only,101,QuantileForest,15,53,measured,946,0.6700222124361759,1.3833668597148063,0.9057274397784514
public1,public_building_only,101,QuantileForest,15,53,supplier_interpolated,424,3.337066916126051,4.773764927439204,-0.8371716242678389
public1,public_building_only,101,QuantileForest,15,53,raw_unscreened,946,0.6700222124361759,1.3833668597148063,0.9057274397784514
public1,all_ten_sites,101,IA-GTPF,15,53,measured,23295,1.1718555973441558,3.1508641368699757,0.9852873928442089
public1,all_ten_sites,101,IA-GTPF,15,53,supplier_interpolated,851,1.5272307648189345,2.6290063655103957,0.37929621098424915
public1,all_ten_sites,101,IA-GTPF,15,53,raw_unscreened,23295,1.1718555973441558,3.1508641368699757,0.9852873928442089
public1,public_building_only,101,IA-GTPF,15,53,measured,946,0.7281181030247301,1.4648658932731353,0.8942923783516601
public1,public_building_only,101,IA-GTPF,15,53,supplier_interpolated,424,2.316174716722834,3.566538109671797,-0.025466336377514498
public1,public_building_only,101,IA-GTPF,15,53,raw_unscreened,946,0.7281181030247301,1.4648658932731353,0.8942923783516601
public1,all_ten_sites,101,ExtraTrees,15,71,measured,23295,1.2075395621848581,3.1955907997799913,0.9848667359783418
public1,all_ten_sites,101,ExtraTrees,15,71,supplier_interpolated,851,2.0950131731329518,3.394104144798025,-0.03454991504722038
public1,all_ten_sites,101,ExtraTrees,15,71,raw_unscreened,23295,1.2075395621848581,3.1955907997799913,0.9848667359783418
public1,public_building_only,101,ExtraTrees,15,71,measured,946,0.6736434485723456,1.3766387861630245,0.9066422084187121
public1,public_building_only,101,ExtraTrees,15,71,supplier_interpolated,424,3.419478464780984,4.6831469881391845,-0.7680854417003768
public1,public_building_only,101,ExtraTrees,15,71,raw_unscreened,946,0.6736434485723456,1.3766387861630245,0.9066422084187121
public1,all_ten_sites,101,Conformalized ExtraTrees,15,71,measured,23295,1.2075395621848581,3.1955907997799913,0.9848667359783418
public1,all_ten_sites,101,Conformalized ExtraTrees,15,71,supplier_interpolated,851,2.0950131731329518,3.394104144798025,-0.03454991504722038
public1,all_ten_sites,101,Conformalized ExtraTrees,15,71,raw_unscreened,23295,1.2075395621848581,3.1955907997799913,0.9848667359783418
public1,public_building_only,101,Conformalized ExtraTrees,15,71,measured,946,0.6736434485723456,1.3766387861630245,0.9066422084187121
public1,public_building_only,101,Conformalized ExtraTrees,15,71,supplier_interpolated,424,3.419478464780984,4.6831469881391845,-0.7680854417003768
public1,public_building_only,101,Conformalized ExtraTrees,15,71,raw_unscreened,946,0.6736434485723456,1.3766387861630245,0.9066422084187121
public1,all_ten_sites,101,QuantileForest,15,71,measured,23295,1.1865404808815663,3.2157048078005563,0.9846756298099124
public1,all_ten_sites,101,QuantileForest,15,71,supplier_interpolated,851,2.0631316343165818,3.5160804183030603,-0.11024472960204479
public1,all_ten_sites,101,QuantileForest,15,71,raw_unscreened,23295,1.1865404808815663,3.2157048078005563,0.9846756298099124
public1,public_building_only,101,QuantileForest,15,71,measured,946,0.6704413836183426,1.3885151449768707,0.9050244517833651
public1,public_building_only,101,QuantileForest,15,71,supplier_interpolated,424,3.3851465718524985,4.856037575610581,-0.9010421552944672
public1,public_building_only,101,QuantileForest,15,71,raw_unscreened,946,0.6704413836183426,1.3885151449768707,0.9050244517833651
public1,all_ten_sites,101,IA-GTPF,15,71,measured,23295,1.1713811549835322,3.1429856165611905,0.9853608765948627
public1,all_ten_sites,101,IA-GTPF,15,71,supplier_interpolated,851,1.6917668342365202,2.950503270173214,0.21820422001807205
public1,all_ten_sites,101,IA-GTPF,15,71,raw_unscreened,23295,1.1713811549835322,3.1429856165611905,0.9853608765948627
public1,public_building_only,101,IA-GTPF,15,71,measured,946,0.7183639124901388,1.449405761799855,0.8965118713635263
public1,public_building_only,101,IA-GTPF,15,71,supplier_interpolated,424,2.6462202132838817,4.041948347222598,-0.31707100426708656
public1,public_building_only,101,IA-GTPF,15,71,raw_unscreened,946,0.7183639124901388,1.449405761799855,0.8965118713635263
public1,all_ten_sites,101,Persistence,60,0,measured,23273,1.9177003964065535,5.387774558372844,0.9570068522548894
public1,all_ten_sites,101,Persistence,60,0,supplier_interpolated,848,2.4003933263529573,4.291138688218545,-0.6686673800850096
public1,all_ten_sites,101,Persistence,60,0,raw_unscreened,23273,1.9177003964065535,5.387774558372844,0.9570068522548894
public1,public_building_only,101,Persistence,60,0,measured,946,1.266381206562226,2.520550312339652,0.6870310099898839
public1,public_building_only,101,Persistence,60,0,supplier_interpolated,421,3.8605440914489657,5.885961875737296,-1.803658085437656
public1,public_building_only,101,Persistence,60,0,raw_unscreened,946,1.266381206562226,2.520550312339652,0.6870310099898839
public1,all_ten_sites,101,Seasonal Persistence,60,0,measured,23273,3.320215046923243,10.91091411061674,0.8236795494254132
public1,all_ten_sites,101,Seasonal Persistence,60,0,supplier_interpolated,848,1.8380237780891773,3.1519644967652902,0.09969987957597748
public1,all_ten_sites,101,Seasonal Persistence,60,0,raw_unscreened,23273,3.320215046923243,10.91091411061674,0.8236795494254132
public1,public_building_only,101,Seasonal Persistence,60,0,measured,946,1.6311081204855817,3.6411068684057586,0.34690340630878114
public1,public_building_only,101,Seasonal Persistence,60,0,supplier_interpolated,421,2.699372179334937,4.190549071191557,-0.42112415293270056
public1,public_building_only,101,Seasonal Persistence,60,0,raw_unscreened,946,1.6311081204855817,3.6411068684057586,0.34690340630878114
public1,all_ten_sites,101,ExtraTrees,60,11,measured,23273,1.7199807950588524,4.648220958511006,0.9679997079475511
public1,all_ten_sites,101,ExtraTrees,60,11,supplier_interpolated,848,1.8934193212725718,3.0423298935553325,0.16124082518818283
public1,all_ten_sites,101,ExtraTrees,60,11,raw_unscreened,23273,1.7199807950588524,4.648220958511006,0.9679997079475511
public1,public_building_only,101,ExtraTrees,60,11,measured,946,1.206862689451517,2.3859173726144367,0.7195720057627016
public1,public_building_only,101,ExtraTrees,60,11,supplier_interpolated,421,2.8141657006740006,4.076700512532902,-0.3449550667808332
public1,public_building_only,101,ExtraTrees,60,11,raw_unscreened,946,1.206862689451517,2.3859173726144367,0.7195720057627016
public1,all_ten_sites,101,Conformalized ExtraTrees,60,11,measured,23273,1.7199807950588524,4.648220958511006,0.9679997079475511
public1,all_ten_sites,101,Conformalized ExtraTrees,60,11,supplier_interpolated,848,1.8934193212725718,3.0423298935553325,0.16124082518818283
public1,all_ten_sites,101,Conformalized ExtraTrees,60,11,raw_unscreened,23273,1.7199807950588524,4.648220958511006,0.9679997079475511
public1,public_building_only,101,Conformalized ExtraTrees,60,11,measured,946,1.206862689451517,2.3859173726144367,0.7195720057627016
public1,public_building_only,101,Conformalized ExtraTrees,60,11,supplier_interpolated,421,2.8141657006740006,4.076700512532902,-0.3449550667808332
public1,public_building_only,101,Conformalized ExtraTrees,60,11,raw_unscreened,946,1.206862689451517,2.3859173726144367,0.7195720057627016
public1,all_ten_sites,101,QuantileForest,60,11,measured,23273,1.7585339555196675,4.929304824041931,0.9640124928965379
public1,all_ten_sites,101,QuantileForest,60,11,supplier_interpolated,848,1.788086513192653,3.036786835395862,0.16429444238120017
public1,all_ten_sites,101,QuantileForest,60,11,raw_unscreened,23273,1.7585339555196675,4.929304824041931,0.9640124928965379
public1,public_building_only,101,QuantileForest,60,11,measured,946,1.235962516978703,2.474693689847177,0.6983151726562187
public1,public_building_only,101,QuantileForest,60,11,supplier_interpolated,421,2.6929950732418884,4.092804406068815,-0.3556018102203433
public1,public_building_only,101,QuantileForest,60,11,raw_unscreened,946,1.235962516978703,2.474693689847177,0.6983151726562187
public1,all_ten_sites,101,IA-GTPF,60,11,measured,23273,1.673713408243287,4.63973383820093,0.9681164590162185
public1,all_ten_sites,101,IA-GTPF,60,11,supplier_interpolated,848,2.00320072203496,3.1830051000096273,0.0818802216903578
public1,all_ten_sites,101,IA-GTPF,60,11,raw_unscreened,23273,1.673713408243287,4.63973383820093,0.9681164590162185
public1,public_building_only,101,IA-GTPF,60,11,measured,946,1.235217745857185,2.4560756629207856,0.7028374678634194
public1,public_building_only,101,IA-GTPF,60,11,supplier_interpolated,421,3.100236378416576,4.306991656031908,-0.5011988402958429
public1,public_building_only,101,IA-GTPF,60,11,raw_unscreened,946,1.235217745857185,2.4560756629207856,0.7028374678634194
public1,all_ten_sites,101,ExtraTrees,60,23,measured,23273,1.7353125447712778,4.678089611419762,0.9675871300841031
public1,all_ten_sites,101,ExtraTrees,60,23,supplier_interpolated,848,1.7598293902174513,2.8520346781472057,0.26288664828524233
public1,all_ten_sites,101,ExtraTrees,60,23,raw_unscreened,23273,1.7353125447712778,4.678089611419762,0.9675871300841031
public1,public_building_only,101,ExtraTrees,60,23,measured,946,1.2106553217095,2.3792563335759667,0.7211356259993904
public1,public_building_only,101,ExtraTrees,60,23,supplier_interpolated,421,2.554873776752695,3.793689453735721,-0.16469903044011236
public1,public_building_only,101,ExtraTrees,60,23,raw_unscreened,946,1.2106553217095,2.3792563335759667,0.7211356259993904
public1,all_ten_sites,101,Conformalized ExtraTrees,60,23,measured,23273,1.7353125447712778,4.678089611419762,0.9675871300841031
public1,all_ten_sites,101,Conformalized ExtraTrees,60,23,supplier_interpolated,848,1.7598293902174513,2.8520346781472057,0.26288664828524233
public1,all_ten_sites,101,Conformalized ExtraTrees,60,23,raw_unscreened,23273,1.7353125447712778,4.678089611419762,0.9675871300841031
public1,public_building_only,101,Conformalized ExtraTrees,60,23,measured,946,1.2106553217095,2.3792563335759667,0.7211356259993904
public1,public_building_only,101,Conformalized ExtraTrees,60,23,supplier_interpolated,421,2.554873776752695,3.793689453735721,-0.16469903044011236
public1,public_building_only,101,Conformalized ExtraTrees,60,23,raw_unscreened,946,1.2106553217095,2.3792563335759667,0.7211356259993904
public1,all_ten_sites,101,QuantileForest,60,23,measured,23273,1.736859178948536,4.86038395315559,0.9650118024856862
public1,all_ten_sites,101,QuantileForest,60,23,supplier_interpolated,848,1.7975132828151081,3.0599984314049986,0.15147023369770252
public1,all_ten_sites,101,QuantileForest,60,23,raw_unscreened,23273,1.736859178948536,4.86038395315559,0.9650118024856862
public1,public_building_only,101,QuantileForest,60,23,measured,946,1.220215606770679,2.4766339316273336,0.6978419254237116
public1,public_building_only,101,QuantileForest,60,23,supplier_interpolated,421,2.7139173945835147,4.12456519356359,-0.37672279883793336
public1,public_building_only,101,QuantileForest,60,23,raw_unscreened,946,1.220215606770679,2.4766339316273336,0.6978419254237116
public1,all_ten_sites,101,IA-GTPF,60,23,measured,23273,1.6763492692980244,4.628066285027817,0.968276612673429
public1,all_ten_sites,101,IA-GTPF,60,23,supplier_interpolated,848,2.0489723009621774,3.2711744750676193,0.03031184252877761
public1,all_ten_sites,101,IA-GTPF,60,23,raw_unscreened,23273,1.6763492692980244,4.628066285027817,0.968276612673429
public1,public_building_only,101,IA-GTPF,60,23,measured,946,1.225441630072778,2.4327250268814558,0.708461031493461
public1,public_building_only,101,IA-GTPF,60,23,supplier_interpolated,421,3.192509277977742,4.439878177170276,-0.5952629079356415
public1,public_building_only,101,IA-GTPF,60,23,raw_unscreened,946,1.225441630072778,2.4327250268814558,0.708461031493461
public1,all_ten_sites,101,ExtraTrees,60,37,measured,23273,1.74981648811496,4.692868019841115,0.967382017620076
public1,all_ten_sites,101,ExtraTrees,60,37,supplier_interpolated,848,1.8643165581605425,3.010172059783263,0.17887870579283738
public1,all_ten_sites,101,ExtraTrees,60,37,raw_unscreened,23273,1.74981648811496,4.692868019841115,0.967382017620076
public1,public_building_only,101,ExtraTrees,60,37,measured,946,1.221586579772663,2.419263250440226,0.7116786361647727
public1,public_building_only,101,ExtraTrees,60,37,supplier_interpolated,421,2.762161551659338,4.030113035123071,-0.31439111265249897
public1,public_building_only,101,ExtraTrees,60,37,raw_unscreened,946,1.221586579772663,2.419263250440226,0.7116786361647727
public1,all_ten_sites,101,Conformalized ExtraTrees,60,37,measured,23273,1.74981648811496,4.692868019841115,0.967382017620076
public1,all_ten_sites,101,Conformalized ExtraTrees,60,37,supplier_interpolated,848,1.8643165581605425,3.010172059783263,0.17887870579283738
public1,all_ten_sites,101,Conformalized ExtraTrees,60,37,raw_unscreened,23273,1.74981648811496,4.692868019841115,0.967382017620076
public1,public_building_only,101,Conformalized ExtraTrees,60,37,measured,946,1.221586579772663,2.419263250440226,0.7116786361647727
public1,public_building_only,101,Conformalized ExtraTrees,60,37,supplier_interpolated,421,2.762161551659338,4.030113035123071,-0.31439111265249897
public1,public_building_only,101,Conformalized ExtraTrees,60,37,raw_unscreened,946,1.221586579772663,2.419263250440226,0.7116786361647727
public1,all_ten_sites,101,QuantileForest,60,37,measured,23273,1.7410738740061438,4.847405587195065,0.9651984064137138
public1,all_ten_sites,101,QuantileForest,60,37,supplier_interpolated,848,1.7933927501176028,3.063588026008909,0.1494782951697664
public1,all_ten_sites,101,QuantileForest,60,37,raw_unscreened,23273,1.7410738740061438,4.847405587195065,0.9651984064137138
public1,public_building_only,101,QuantileForest,60,37,measured,946,1.2443300810209543,2.5011199436249294,0.6918376301151448
public1,public_building_only,101,QuantileForest,60,37,supplier_interpolated,421,2.7012275378077266,4.128480305907356,-0.3793376599567386
public1,public_building_only,101,QuantileForest,60,37,raw_unscreened,946,1.2443300810209543,2.5011199436249294,0.6918376301151448
public1,all_ten_sites,101,IA-GTPF,60,37,measured,23273,1.6752634068682133,4.643925614236125,0.9680588225050561
public1,all_ten_sites,101,IA-GTPF,60,37,supplier_interpolated,848,1.9662515104279723,3.13190675845665,0.11112166280605185
public1,all_ten_sites,101,IA-GTPF,60,37,raw_unscreened,23273,1.6752634068682133,4.643925614236125,0.9680588225050561
public1,public_building_only,101,IA-GTPF,60,37,measured,946,1.2264127299237408,2.4447445568360626,0.7055730618707174
public1,public_building_only,101,IA-GTPF,60,37,supplier_interpolated,421,3.032355154870447,4.232819008993444,-0.44993841799428425
public1,public_building_only,101,IA-GTPF,60,37,raw_unscreened,946,1.2264127299237408,2.4447445568360626,0.7055730618707174
public1,all_ten_sites,101,ExtraTrees,60,53,measured,23273,1.7240783054930142,4.6408513959663455,0.9681010977945171
public1,all_ten_sites,101,ExtraTrees,60,53,supplier_interpolated,848,1.824347374666463,2.9426097072209805,0.21532466620232815
public1,all_ten_sites,101,ExtraTrees,60,53,raw_unscreened,23273,1.7240783054930142,4.6408513959663455,0.9681010977945171
public1,public_building_only,101,ExtraTrees,60,53,measured,946,1.2147915949854542,2.3999874704307174,0.7162548051040167
public1,public_building_only,101,ExtraTrees,60,53,supplier_interpolated,421,2.6832502055012655,3.93135678596035,-0.25076315265339644
public1,public_building_only,101,ExtraTrees,60,53,raw_unscreened,946,1.2147915949854542,2.3999874704307174,0.7162548051040167
public1,all_ten_sites,101,Conformalized ExtraTrees,60,53,measured,23273,1.7240783054930142,4.6408513959663455,0.9681010977945171
public1,all_ten_sites,101,Conformalized ExtraTrees,60,53,supplier_interpolated,848,1.824347374666463,2.9426097072209805,0.21532466620232815
public1,all_ten_sites,101,Conformalized ExtraTrees,60,53,raw_unscreened,23273,1.7240783054930142,4.6408513959663455,0.9681010977945171
public1,public_building_only,101,Conformalized ExtraTrees,60,53,measured,946,1.2147915949854542,2.3999874704307174,0.7162548051040167
public1,public_building_only,101,Conformalized ExtraTrees,60,53,supplier_interpolated,421,2.6832502055012655,3.93135678596035,-0.25076315265339644
public1,public_building_only,101,Conformalized ExtraTrees,60,53,raw_unscreened,946,1.2147915949854542,2.3999874704307174,0.7162548051040167
public1,all_ten_sites,101,QuantileForest,60,53,measured,23273,1.7514822883570975,4.89346446958258,0.9645339116570685
public1,all_ten_sites,101,QuantileForest,60,53,supplier_interpolated,848,1.7705362253637305,3.042491072940876,0.16115194970506663
public1,all_ten_sites,101,QuantileForest,60,53,raw_unscreened,23273,1.7514822883570975,4.89346446958258,0.9645339116570685
public1,public_building_only,101,QuantileForest,60,53,measured,946,1.2555911294011244,2.5383815683880924,0.6825872424242563
public1,public_building_only,101,QuantileForest,60,53,supplier_interpolated,421,2.665152828792151,4.104789201709256,-0.3635525433614961
public1,public_building_only,101,QuantileForest,60,53,raw_unscreened,946,1.2555911294011244,2.5383815683880924,0.6825872424242563
public1,all_ten_sites,101,IA-GTPF,60,53,measured,23273,1.6722157509220896,4.6315145735093,0.968229322018047
public1,all_ten_sites,101,IA-GTPF,60,53,supplier_interpolated,848,1.9636603500727292,3.113222479791078,0.12169573911760156
public1,all_ten_sites,101,IA-GTPF,60,53,raw_unscreened,23273,1.6722157509220896,4.6315145735093,0.968229322018047
public1,public_building_only,101,IA-GTPF,60,53,measured,946,1.2283565591626964,2.446235757382519,0.7052137740166753
public1,public_building_only,101,IA-GTPF,60,53,supplier_interpolated,421,3.0272808237472137,4.206958158975084,-0.43227543969813587
public1,public_building_only,101,IA-GTPF,60,53,raw_unscreened,946,1.2283565591626964,2.446235757382519,0.7052137740166753
public1,all_ten_sites,101,ExtraTrees,60,71,measured,23273,1.7167935369083547,4.652588627410173,0.9679395419842672
public1,all_ten_sites,101,ExtraTrees,60,71,supplier_interpolated,848,1.7214997643103334,2.8279299962899644,0.2752937891425775
public1,all_ten_sites,101,ExtraTrees,60,71,raw_unscreened,23273,1.7167935369083547,4.652588627410173,0.9679395419842672
public1,public_building_only,101,ExtraTrees,60,71,measured,946,1.2129952727462983,2.403171632769107,0.7155013927436182
public1,public_building_only,101,ExtraTrees,60,71,supplier_interpolated,421,2.481257717052171,3.762666332055066,-0.14572812523701395
public1,public_building_only,101,ExtraTrees,60,71,raw_unscreened,946,1.2129952727462983,2.403171632769107,0.7155013927436182
public1,all_ten_sites,101,Conformalized ExtraTrees,60,71,measured,23273,1.7167935369083547,4.652588627410173,0.9679395419842672
public1,all_ten_sites,101,Conformalized ExtraTrees,60,71,supplier_interpolated,848,1.7214997643103334,2.8279299962899644,0.2752937891425775
public1,all_ten_sites,101,Conformalized ExtraTrees,60,71,raw_unscreened,23273,1.7167935369083547,4.652588627410173,0.9679395419842672
public1,public_building_only,101,Conformalized ExtraTrees,60,71,measured,946,1.2129952727462983,2.403171632769107,0.7155013927436182
public1,public_building_only,101,Conformalized ExtraTrees,60,71,supplier_interpolated,421,2.481257717052171,3.762666332055066,-0.14572812523701395
public1,public_building_only,101,Conformalized ExtraTrees,60,71,raw_unscreened,946,1.2129952727462983,2.403171632769107,0.7155013927436182
public1,all_ten_sites,101,QuantileForest,60,71,measured,23273,1.7544933468565347,4.918178663764842,0.9641747676604411
public1,all_ten_sites,101,QuantileForest,60,71,supplier_interpolated,848,1.7858967985575058,3.0417291714249832,0.16157202625519818
public1,all_ten_sites,101,QuantileForest,60,71,raw_unscreened,23273,1.7544933468565347,4.918178663764842,0.9641747676604411
public1,public_building_only,101,QuantileForest,60,71,measured,946,1.2490172178360854,2.520856380378468,0.6869549983186656
public1,public_building_only,101,QuantileForest,60,71,supplier_interpolated,421,2.685244881944283,4.092995367024105,-0.35572831177285447
public1,public_building_only,101,QuantileForest,60,71,raw_unscreened,946,1.2490172178360854,2.520856380378468,0.6869549983186656
public1,all_ten_sites,101,IA-GTPF,60,71,measured,23273,1.6810445154843245,4.642515068751136,0.9680782231781163
public1,all_ten_sites,101,IA-GTPF,60,71,supplier_interpolated,848,2.016047014779527,3.202087076147363,0.0708390492223947
public1,all_ten_sites,101,IA-GTPF,60,71,raw_unscreened,23273,1.6810445154843245,4.642515068751136,0.9680782231781163
public1,public_building_only,101,IA-GTPF,60,71,measured,946,1.2292143815266225,2.4485885016395827,0.7046464614646469
public1,public_building_only,101,IA-GTPF,60,71,supplier_interpolated,421,3.1358535341540383,4.340141103036616,-0.5243962009238814
public1,public_building_only,101,IA-GTPF,60,71,raw_unscreened,946,1.2292143815266225,2.4485885016395827,0.7046464614646469
public2,all_ten_sites,102,Persistence,15,0,measured,6456,1.4909773104102595,4.001376160541578,0.9878921985190882
public2,all_ten_sites,102,Persistence,15,0,supplier_interpolated,25,9.796463629721085,14.575173348291258,0.8601719689337104
public2,all_ten_sites,102,Persistence,15,0,raw_unscreened,6459,18.030017746103162,1113.955074320631,0.00035753160549034657
public2,public_building_only,102,Persistence,15,0,measured,591,4.617850671298879,8.968445716381872,0.9667593772244983
public2,public_building_only,102,Persistence,15,0,supplier_interpolated,20,12.012231249999605,16.286574160010243,0.79813662801822
public2,public_building_only,102,Persistence,15,0,raw_unscreened,591,4.617850671298879,8.968445716381872,0.9667593772244983
public2,all_ten_sites,102,Seasonal Persistence,15,0,measured,6456,4.052327363925411,13.852565082142398,0.8548867965749435
public2,all_ten_sites,102,Seasonal Persistence,15,0,supplier_interpolated,25,8.297323004721086,13.136268486157173,0.8864176585118076
public2,all_ten_sites,102,Seasonal Persistence,15,0,raw_unscreened,6459,20.59033285982044,1114.0352509597997,0.00021362839134986267
public2,public_building_only,102,Seasonal Persistence,15,0,measured,591,13.495084805054596,27.661691824201117,0.6837778687248147
public2,public_building_only,102,Seasonal Persistence,15,0,supplier_interpolated,20,10.138305468749603,14.67684698356892,0.8360680616369459
public2,public_building_only,102,Seasonal Persistence,15,0,raw_unscreened,591,13.495084805054596,27.661691824201117,0.6837778687248147
public2,all_ten_sites,102,ExtraTrees,15,11,measured,6456,1.3011200116699697,3.440888646687781,0.9910466045318583
public2,all_ten_sites,102,ExtraTrees,15,11,supplier_interpolated,25,5.203132974976435,6.677560417558323,0.9706503830693372
public2,all_ten_sites,102,ExtraTrees,15,11,raw_unscreened,6459,17.840202227684216,1113.9460785542337,0.0003736768056403772
public2,public_building_only,102,ExtraTrees,15,11,measured,591,4.1913457878049245,7.612064394044159,0.9760536298508131
public2,public_building_only,102,ExtraTrees,15,11,supplier_interpolated,20,6.4095472363925525,7.462912644842031,0.957614749180032
public2,public_building_only,102,ExtraTrees,15,11,raw_unscreened,591,4.1913457878049245,7.612064394044159,0.9760536298508131
public2,all_ten_sites,102,Conformalized ExtraTrees,15,11,measured,6456,1.3011200116699697,3.440888646687781,0.9910466045318583
public2,all_ten_sites,102,Conformalized ExtraTrees,15,11,supplier_interpolated,25,5.203132974976435,6.677560417558323,0.9706503830693372
public2,all_ten_sites,102,Conformalized ExtraTrees,15,11,raw_unscreened,6459,17.840202227684216,1113.9460785542337,0.0003736768056403772
public2,public_building_only,102,Conformalized ExtraTrees,15,11,measured,591,4.1913457878049245,7.612064394044159,0.9760536298508131
public2,public_building_only,102,Conformalized ExtraTrees,15,11,supplier_interpolated,20,6.4095472363925525,7.462912644842031,0.957614749180032
public2,public_building_only,102,Conformalized ExtraTrees,15,11,raw_unscreened,591,4.1913457878049245,7.612064394044159,0.9760536298508131
public2,all_ten_sites,102,QuantileForest,15,11,measured,6456,1.2800766853856984,3.556694859087569,0.9904337936361225
public2,all_ten_sites,102,QuantileForest,15,11,supplier_interpolated,25,3.553015234427113,6.221187331150087,0.9745250498518995
public2,all_ten_sites,102,QuantileForest,15,11,raw_unscreened,6459,17.819134816089765,1113.9460547653773,0.00037371950064568615
public2,public_building_only,102,QuantileForest,15,11,measured,591,4.342037869508562,8.123719148706606,0.9727262669395742
public2,public_building_only,102,QuantileForest,15,11,supplier_interpolated,20,4.366114365658321,6.953134400562568,0.9632075007624696
public2,public_building_only,102,QuantileForest,15,11,raw_unscreened,591,4.342037869508562,8.123719148706606,0.9727262669395742
public2,all_ten_sites,102,IA-GTPF,15,11,measured,6456,1.2656419755345676,3.469448021537062,0.9908973613724916
public2,all_ten_sites,102,IA-GTPF,15,11,supplier_interpolated,25,4.58323343723528,6.646407489800065,0.9709235947298939
public2,all_ten_sites,102,IA-GTPF,15,11,raw_unscreened,6459,17.80473423185077,1113.946741451234,0.00037248707213166643
public2,public_building_only,102,IA-GTPF,15,11,measured,591,4.282547855048084,7.97328668373589,0.9737270073968449
public2,public_building_only,102,IA-GTPF,15,11,supplier_interpolated,20,5.653134122422979,7.428921386039818,0.9579999733044852
public2,public_building_only,102,IA-GTPF,15,11,raw_unscreened,591,4.282547855048084,7.97328668373589,0.9737270073968449
public2,all_ten_sites,102,ExtraTrees,15,23,measured,6456,1.2920669248431818,3.4348414314496187,0.9910780473002582
public2,all_ten_sites,102,ExtraTrees,15,23,supplier_interpolated,25,5.4350907252516105,6.756441957242208,0.9699528776525407
public2,all_ten_sites,102,ExtraTrees,15,23,raw_unscreened,6459,17.83107516400933,1113.9427196124627,0.0003797052510288168
public2,public_building_only,102,ExtraTrees,15,23,measured,591,4.2371333901327395,7.720688058692817,0.9753653273320272
public2,public_building_only,102,ExtraTrees,15,23,supplier_interpolated,20,6.72112401310269,7.552002983445697,0.9565967403454799
public2,public_building_only,102,ExtraTrees,15,23,raw_unscreened,591,4.2371333901327395,7.720688058692817,0.9753653273320272
public2,all_ten_sites,102,Conformalized ExtraTrees,15,23,measured,6456,1.2920669248431818,3.4348414314496187,0.9910780473002582
public2,all_ten_sites,102,Conformalized ExtraTrees,15,23,supplier_interpolated,25,5.4350907252516105,6.756441957242208,0.9699528776525407
public2,all_ten_sites,102,Conformalized ExtraTrees,15,23,raw_unscreened,6459,17.83107516400933,1113.9427196124627,0.0003797052510288168
public2,public_building_only,102,Conformalized ExtraTrees,15,23,measured,591,4.2371333901327395,7.720688058692817,0.9753653273320272
public2,public_building_only,102,Conformalized ExtraTrees,15,23,supplier_interpolated,20,6.72112401310269,7.552002983445697,0.9565967403454799
public2,public_building_only,102,Conformalized ExtraTrees,15,23,raw_unscreened,591,4.2371333901327395,7.720688058692817,0.9753653273320272
public2,all_ten_sites,102,QuantileForest,15,23,measured,6456,1.2967689990238696,3.5965006666688972,0.9902184693249898
public2,all_ten_sites,102,QuantileForest,15,23,supplier_interpolated,25,3.9405876625004677,6.656172055383951,0.9708380968045975
public2,all_ten_sites,102,QuantileForest,15,23,raw_unscreened,6459,17.835869186392287,1113.948353683497,0.0003695935174695686
public2,public_building_only,102,QuantileForest,15,23,measured,591,4.491006925840234,8.231452672079335,0.9719980835657858
public2,public_building_only,102,QuantileForest,15,23,supplier_interpolated,20,4.852521184370595,7.439997993425511,0.9578746348860913
public2,public_building_only,102,QuantileForest,15,23,raw_unscreened,591,4.491006925840234,8.231452672079335,0.9719980835657858
public2,all_ten_sites,102,IA-GTPF,15,23,measured,6456,1.2583347605951594,3.417941099233958,0.9911656280628995
public2,all_ten_sites,102,IA-GTPF,15,23,supplier_interpolated,25,4.460891304618406,5.931982387452214,0.9768385102006389
public2,all_ten_sites,102,IA-GTPF,15,23,raw_unscreened,6459,17.797464718162615,1113.9478573327792,0.00037048434361541815
public2,public_building_only,102,IA-GTPF,15,23,measured,591,4.21883938155643,7.7936859102435285,0.9748972914837385
public2,public_building_only,102,IA-GTPF,15,23,supplier_interpolated,20,5.488151818368931,6.62921095079771,0.9665557301128562
public2,public_building_only,102,IA-GTPF,15,23,raw_unscreened,591,4.21883938155643,7.7936859102435285,0.9748972914837385
public2,all_ten_sites,102,ExtraTrees,15,37,measured,6456,1.2960898406982855,3.4384564961608057,0.9910592572571791
public2,all_ten_sites,102,ExtraTrees,15,37,supplier_interpolated,25,4.93004604357957,6.627442403420208,0.9710892932051899
public2,all_ten_sites,102,ExtraTrees,15,37,raw_unscreened,6459,17.83511219803969,1113.9432542704403,0.00037874567728413133
public2,public_building_only,102,ExtraTrees,15,37,measured,591,4.253160643795036,7.736266207910272,0.9752658155357634
public2,public_building_only,102,ExtraTrees,15,37,supplier_interpolated,20,6.092808526808765,7.407614414885876,0.9582405492869431
public2,public_building_only,102,ExtraTrees,15,37,raw_unscreened,591,4.253160643795036,7.736266207910272,0.9752658155357634
public2,all_ten_sites,102,Conformalized ExtraTrees,15,37,measured,6456,1.2960898406982855,3.4384564961608057,0.9910592572571791
public2,all_ten_sites,102,Conformalized ExtraTrees,15,37,supplier_interpolated,25,4.93004604357957,6.627442403420208,0.9710892932051899
public2,all_ten_sites,102,Conformalized ExtraTrees,15,37,raw_unscreened,6459,17.83511219803969,1113.9432542704403,0.00037874567728413133
public2,public_building_only,102,Conformalized ExtraTrees,15,37,measured,591,4.253160643795036,7.736266207910272,0.9752658155357634
public2,public_building_only,102,Conformalized ExtraTrees,15,37,supplier_interpolated,20,6.092808526808765,7.407614414885876,0.9582405492869431
public2,public_building_only,102,Conformalized ExtraTrees,15,37,raw_unscreened,591,4.253160643795036,7.736266207910272,0.9752658155357634
public2,all_ten_sites,102,QuantileForest,15,37,measured,6456,1.2734193156891407,3.5474950166814496,0.9904832180444879
public2,all_ten_sites,102,QuantileForest,15,37,supplier_interpolated,25,3.4086518225779,5.983983206991521,0.9764306548034317
public2,all_ten_sites,102,QuantileForest,15,37,raw_unscreened,6459,17.812480839491396,1113.9458927211524,0.000374010329188601
public2,public_building_only,102,QuantileForest,15,37,measured,591,4.306757559238774,8.07386978054673,0.9730599581868489
public2,public_building_only,102,QuantileForest,15,37,supplier_interpolated,20,4.1809552403740255,6.6877484553974185,0.9659624806931991
public2,public_building_only,102,QuantileForest,15,37,raw_unscreened,591,4.306757559238774,8.07386978054673,0.9730599581868489
public2,all_ten_sites,102,IA-GTPF,15,37,measured,6456,1.2630560650733467,3.4369690543278746,0.9910669909355413
public2,all_ten_sites,102,IA-GTPF,15,37,supplier_interpolated,25,4.361177654975393,6.157522412183469,0.9750437810341069
public2,all_ten_sites,102,IA-GTPF,15,37,raw_unscreened,6459,17.802149142704234,1113.9457147391017,0.0003743297620633079
public2,public_building_only,102,IA-GTPF,15,37,measured,591,4.234445850997391,7.846660476924525,0.9745548798085525
public2,public_building_only,102,IA-GTPF,15,37,supplier_interpolated,20,5.367508497996375,6.881875508546448,0.963957769034641
public2,public_building_only,102,IA-GTPF,15,37,raw_unscreened,591,4.234445850997391,7.846660476924525,0.9745548798085525
public2,all_ten_sites,102,ExtraTrees,15,53,measured,6456,1.295742558396918,3.416316894288259,0.9911740222516202
public2,all_ten_sites,102,ExtraTrees,15,53,supplier_interpolated,25,4.809140394122853,6.290700392701288,0.9739525754922278
public2,all_ten_sites,102,ExtraTrees,15,53,raw_unscreened,6459,17.83481223483025,1113.9450459278205,0.0003755301091100671
public2,public_building_only,102,ExtraTrees,15,53,measured,591,4.239521649911884,7.628730617200523,0.9759486563698784
public2,public_building_only,102,ExtraTrees,15,53,supplier_interpolated,20,5.929622433642196,7.030882390749829,0.9623800938417197
public2,public_building_only,102,ExtraTrees,15,53,raw_unscreened,591,4.239521649911884,7.628730617200523,0.9759486563698784
public2,all_ten_sites,102,Conformalized ExtraTrees,15,53,measured,6456,1.295742558396918,3.416316894288259,0.9911740222516202
public2,all_ten_sites,102,Conformalized ExtraTrees,15,53,supplier_interpolated,25,4.809140394122853,6.290700392701288,0.9739525754922278
public2,all_ten_sites,102,Conformalized ExtraTrees,15,53,raw_unscreened,6459,17.83481223483025,1113.9450459278205,0.0003755301091100671
public2,public_building_only,102,Conformalized ExtraTrees,15,53,measured,591,4.239521649911884,7.628730617200523,0.9759486563698784
public2,public_building_only,102,Conformalized ExtraTrees,15,53,supplier_interpolated,20,5.929622433642196,7.030882390749829,0.9623800938417197
public2,public_building_only,102,Conformalized ExtraTrees,15,53,raw_unscreened,591,4.239521649911884,7.628730617200523,0.9759486563698784
public2,all_ten_sites,102,QuantileForest,15,53,measured,6456,1.2820510429748755,3.5572532080988326,0.9904307898917317
public2,all_ten_sites,102,QuantileForest,15,53,supplier_interpolated,25,4.312976237903725,7.195698731296692,0.9659189686270544
public2,all_ten_sites,102,QuantileForest,15,53,raw_unscreened,6459,17.821126826739974,1113.9479717210036,0.00037027904522468624
public2,public_building_only,102,QuantileForest,15,53,measured,591,4.3947678142736475,8.126982836417342,0.9727043482035442
public2,public_building_only,102,QuantileForest,15,53,supplier_interpolated,20,5.314583037550436,8.042892637025462,0.9507708220165315
public2,public_building_only,102,QuantileForest,15,53,raw_unscreened,591,4.3947678142736475,8.126982836417342,0.9727043482035442
public2,all_ten_sites,102,IA-GTPF,15,53,measured,6456,1.2645540788149405,3.4436517820807344,0.9910322190752515
public2,all_ten_sites,102,IA-GTPF,15,53,supplier_interpolated,25,4.605460791839831,6.290222072661596,0.9739565364284288
public2,all_ten_sites,102,IA-GTPF,15,53,raw_unscreened,6459,17.80363544483132,1113.945721203598,0.0003743181599246137
public2,public_building_only,102,IA-GTPF,15,53,measured,591,4.225536381026708,7.8442630068962105,0.9745704264461653
public2,public_building_only,102,IA-GTPF,15,53,supplier_interpolated,20,5.684585921737873,7.030777981386068,0.9623812111527722
public2,public_building_only,102,IA-GTPF,15,53,raw_unscreened,591,4.225536381026708,7.8442630068962105,0.9745704264461653
public2,all_ten_sites,102,ExtraTrees,15,71,measured,6456,1.2904081184228766,3.4459394857335672,0.9910203000770493
public2,all_ten_sites,102,ExtraTrees,15,71,supplier_interpolated,25,5.361837017492031,7.0062714471368714,0.967689721332903
public2,all_ten_sites,102,ExtraTrees,15,71,raw_unscreened,6459,17.829410530285465,1113.9428480812567,0.00037947468258225925
public2,public_building_only,102,ExtraTrees,15,71,measured,591,4.255001538616159,7.776289917115744,0.9750092280421414
public2,public_building_only,102,ExtraTrees,15,71,supplier_interpolated,20,6.623956743765438,7.8311794880877885,0.953328431432733
public2,public_building_only,102,ExtraTrees,15,71,raw_unscreened,591,4.255001538616159,7.776289917115744,0.9750092280421414
public2,all_ten_sites,102,Conformalized ExtraTrees,15,71,measured,6456,1.2904081184228766,3.4459394857335672,0.9910203000770493
public2,all_ten_sites,102,Conformalized ExtraTrees,15,71,supplier_interpolated,25,5.361837017492031,7.0062714471368714,0.967689721332903
public2,all_ten_sites,102,Conformalized ExtraTrees,15,71,raw_unscreened,6459,17.829410530285465,1113.9428480812567,0.00037947468258225925
public2,public_building_only,102,Conformalized ExtraTrees,15,71,measured,591,4.255001538616159,7.776289917115744,0.9750092280421414
public2,public_building_only,102,Conformalized ExtraTrees,15,71,supplier_interpolated,20,6.623956743765438,7.8311794880877885,0.953328431432733
public2,public_building_only,102,Conformalized ExtraTrees,15,71,raw_unscreened,591,4.255001538616159,7.776289917115744,0.9750092280421414
public2,all_ten_sites,102,QuantileForest,15,71,measured,6456,1.2733105584304405,3.550495797201706,0.9904671109874797
public2,all_ten_sites,102,QuantileForest,15,71,supplier_interpolated,25,3.905703269281417,6.788714903333092,0.9696651448099454
public2,all_ten_sites,102,QuantileForest,15,71,raw_unscreened,6459,17.812369224567345,1113.9468279209532,0.00037233188066632117
public2,public_building_only,102,QuantileForest,15,71,measured,591,4.3184573730519435,8.10183084478217,0.9728730399903717
public2,public_building_only,102,QuantileForest,15,71,supplier_interpolated,20,4.7988967387044905,7.587464598569584,0.956188169704864
public2,public_building_only,102,QuantileForest,15,71,raw_unscreened,591,4.3184573730519435,8.10183084478217,0.9728730399903717
public2,all_ten_sites,102,IA-GTPF,15,71,measured,6456,1.2621710547111165,3.4584841222937834,0.9909548014731131
public2,all_ten_sites,102,IA-GTPF,15,71,supplier_interpolated,25,4.218006410254417,6.261657586663029,0.9741925309739521
public2,all_ten_sites,102,IA-GTPF,15,71,raw_unscreened,6459,17.801261665570575,1113.9461699278504,0.00037351281300568306
public2,public_building_only,102,IA-GTPF,15,71,measured,591,4.2431511435889755,7.901550742863979,0.9741976387642968
public2,public_building_only,102,IA-GTPF,15,71,supplier_interpolated,20,5.1916678422499825,6.998482274849263,0.9627260193669211
public2,public_building_only,102,IA-GTPF,15,71,raw_unscreened,591,4.2431511435889755,7.901550742863979,0.9741976387642968
public2,all_ten_sites,102,Persistence,60,0,measured,6429,2.779210882796352,8.223508239588611,0.9485184382151631
public2,all_ten_sites,102,Persistence,60,0,supplier_interpolated,25,8.533049369230469,13.953282716681608,0.8718497160985893
public2,all_ten_sites,102,Persistence,60,0,raw_unscreened,6432,19.387123070089398,1116.303897904574,0.00032310931919099506
public2,public_building_only,102,Persistence,60,0,measured,588,11.998506577074899,20.139054967109416,0.8300574564646104
public2,public_building_only,102,Persistence,60,0,supplier_interpolated,20,10.430981249999604,15.590079960731924,0.8150327981980809
public2,public_building_only,102,Persistence,60,0,raw_unscreened,588,11.998506577074899,20.139054967109416,0.8300574564646104
public2,all_ten_sites,102,Seasonal Persistence,60,0,measured,6429,4.1309561248270334,13.963210439211768,0.8515746723364326
public2,all_ten_sites,102,Seasonal Persistence,60,0,supplier_interpolated,25,7.002033744230468,12.437542334397774,0.8981793350456263
public2,all_ten_sites,102,Seasonal Persistence,60,0,raw_unscreened,6432,20.738307293058853,1116.361478006051,0.00021997793810668576
public2,public_building_only,102,Seasonal Persistence,60,0,measured,588,14.355115189446273,28.215275554476303,0.6664257397672089
public2,public_building_only,102,Seasonal Persistence,60,0,supplier_interpolated,20,8.517211718749603,13.89419102061646,0.8530855302600093
public2,public_building_only,102,Seasonal Persistence,60,0,raw_unscreened,588,14.355115189446273,28.215275554476303,0.6664257397672089
public2,all_ten_sites,102,ExtraTrees,60,11,measured,6429,1.8905323932803886,5.08111056621872,0.9803458285395658
public2,all_ten_sites,102,ExtraTrees,60,11,supplier_interpolated,25,5.558299864651229,7.106374615635288,0.9667598495720359
public2,all_ten_sites,102,ExtraTrees,60,11,raw_unscreened,6432,18.498809878528437,1116.2891647876306,0.0003494968636043039
public2,public_building_only,102,ExtraTrees,60,11,measured,588,7.313801830712043,11.510663645299278,0.9444831691606046
public2,public_building_only,102,ExtraTrees,60,11,supplier_interpolated,20,6.874901469382692,7.942322016959917,0.9519942760060774
public2,public_building_only,102,ExtraTrees,60,11,raw_unscreened,588,7.313801830712043,11.510663645299278,0.9444831691606046
public2,all_ten_sites,102,Conformalized ExtraTrees,60,11,measured,6429,1.8905323932803886,5.08111056621872,0.9803458285395658
public2,all_ten_sites,102,Conformalized ExtraTrees,60,11,supplier_interpolated,25,5.558299864651229,7.106374615635288,0.9667598495720359
public2,all_ten_sites,102,Conformalized ExtraTrees,60,11,raw_unscreened,6432,18.498809878528437,1116.2891647876306,0.0003494968636043039
public2,public_building_only,102,Conformalized ExtraTrees,60,11,measured,588,7.313801830712043,11.510663645299278,0.9444831691606046
public2,public_building_only,102,Conformalized ExtraTrees,60,11,supplier_interpolated,20,6.874901469382692,7.942322016959917,0.9519942760060774
public2,public_building_only,102,Conformalized ExtraTrees,60,11,raw_unscreened,588,7.313801830712043,11.510663645299278,0.9444831691606046
public2,all_ten_sites,102,QuantileForest,60,11,measured,6429,1.9938212205696675,5.692386707689989,0.9753324372615114
public2,all_ten_sites,102,QuantileForest,60,11,supplier_interpolated,25,4.084191061449241,7.2518883048924865,0.9653846284367491
public2,all_ten_sites,102,QuantileForest,60,11,raw_unscreened,6432,18.602174276970448,1116.2933590782372,0.0003419847731457315
public2,public_building_only,102,QuantileForest,60,11,measured,588,7.959902086655648,12.787431876981174,0.9314842200751539
public2,public_building_only,102,QuantileForest,60,11,supplier_interpolated,20,5.0155841670380985,8.10471734116746,0.9500110761619602
public2,public_building_only,102,QuantileForest,60,11,raw_unscreened,588,7.959902086655648,12.787431876981174,0.9314842200751539
public2,all_ten_sites,102,IA-GTPF,60,11,measured,6429,1.922116055151894,5.540781449957586,0.9766288818910118
public2,all_ten_sites,102,IA-GTPF,60,11,supplier_interpolated,25,3.5464639481465383,5.559801395236753,0.9796537047986787
public2,all_ten_sites,102,IA-GTPF,60,11,raw_unscreened,6432,18.53047741562138,1116.294297870237,0.0003403033668482047
public2,public_building_only,102,IA-GTPF,60,11,measured,588,7.772156195904415,13.283299502161302,0.9260674187268686
public2,public_building_only,102,IA-GTPF,60,11,supplier_interpolated,20,4.340383991069709,6.211908394298496,0.9706337746911097
public2,public_building_only,102,IA-GTPF,60,11,raw_unscreened,588,7.772156195904415,13.283299502161302,0.9260674187268686
public2,all_ten_sites,102,ExtraTrees,60,23,measured,6429,1.8717138661803532,5.086621153625633,0.9803031745730415
public2,all_ten_sites,102,ExtraTrees,60,23,supplier_interpolated,25,4.9135343375539815,6.611595525568074,0.9712273846971249
public2,all_ten_sites,102,ExtraTrees,60,23,raw_unscreened,6432,18.480017556445542,1116.2891648033628,0.00034949683542762067
public2,public_building_only,102,ExtraTrees,60,23,measured,588,7.305961140460229,11.611415724740526,0.943507045487293
public2,public_building_only,102,ExtraTrees,60,23,supplier_interpolated,20,6.062498440180978,7.389032973086627,0.9584497873904861
public2,public_building_only,102,ExtraTrees,60,23,raw_unscreened,588,7.305961140460229,11.611415724740526,0.943507045487293
public2,all_ten_sites,102,Conformalized ExtraTrees,60,23,measured,6429,1.8717138661803532,5.086621153625633,0.9803031745730415
public2,all_ten_sites,102,Conformalized ExtraTrees,60,23,supplier_interpolated,25,4.9135343375539815,6.611595525568074,0.9712273846971249
public2,all_ten_sites,102,Conformalized ExtraTrees,60,23,raw_unscreened,6432,18.480017556445542,1116.2891648033628,0.00034949683542762067
public2,public_building_only,102,Conformalized ExtraTrees,60,23,measured,588,7.305961140460229,11.611415724740526,0.943507045487293
public2,public_building_only,102,Conformalized ExtraTrees,60,23,supplier_interpolated,20,6.062498440180978,7.389032973086627,0.9584497873904861
public2,public_building_only,102,Conformalized ExtraTrees,60,23,raw_unscreened,588,7.305961140460229,11.611415724740526,0.943507045487293
public2,all_ten_sites,102,QuantileForest,60,23,measured,6429,1.9835015098847164,5.665308531676126,0.9755665618719395
public2,all_ten_sites,102,QuantileForest,60,23,supplier_interpolated,25,4.138158566868852,7.287246531053005,0.9650462553458335
public2,all_ten_sites,102,QuantileForest,60,23,raw_unscreened,6432,18.591860649688613,1116.294189332343,0.0003404977617370575
public2,public_building_only,102,QuantileForest,60,23,measured,588,7.837947331785889,12.461755933378095,0.934929757983238
public2,public_building_only,102,QuantileForest,60,23,supplier_interpolated,20,5.094006829290814,8.144602202210221,0.949517855452302
public2,public_building_only,102,QuantileForest,60,23,raw_unscreened,588,7.837947331785889,12.461755933378095,0.934929757983238
public2,all_ten_sites,102,IA-GTPF,60,23,measured,6429,1.9437967698381668,5.6499288288956535,0.9756990414880428
public2,all_ten_sites,102,IA-GTPF,60,23,supplier_interpolated,25,3.5193329110961877,5.647984462590771,0.9790031680861432
public2,all_ten_sites,102,IA-GTPF,60,23,raw_unscreened,6432,18.552146719488718,1116.294904047301,0.00033921768371680816
public2,public_building_only,102,IA-GTPF,60,23,measured,588,7.911700655852586,13.624220812233233,0.9222236985362704
public2,public_building_only,102,IA-GTPF,60,23,supplier_interpolated,20,4.3075866213911045,6.310684861162074,0.9696924362295755
public2,public_building_only,102,IA-GTPF,60,23,raw_unscreened,588,7.911700655852586,13.624220812233233,0.9222236985362704
public2,all_ten_sites,102,ExtraTrees,60,37,measured,6429,1.8840429297653163,5.112322159531518,0.9801036287005349
public2,all_ten_sites,102,ExtraTrees,60,37,supplier_interpolated,25,5.271368795577586,6.7740655596353445,0.9697959225070032
public2,all_ten_sites,102,ExtraTrees,60,37,raw_unscreened,6432,18.492323801690414,1116.289207938577,0.00034941957920997524
public2,public_building_only,102,ExtraTrees,60,37,measured,588,7.432631980890817,11.807471550679589,0.9415832010677821
public2,public_building_only,102,ExtraTrees,60,37,supplier_interpolated,20,6.511458908099331,7.570412260237952,0.9563848769501931
public2,public_building_only,102,ExtraTrees,60,37,raw_unscreened,588,7.432631980890817,11.807471550679589,0.9415832010677821
public2,all_ten_sites,102,Conformalized ExtraTrees,60,37,measured,6429,1.8840429297653163,5.112322159531518,0.9801036287005349
public2,all_ten_sites,102,Conformalized ExtraTrees,60,37,supplier_interpolated,25,5.271368795577586,6.7740655596353445,0.9697959225070032
public2,all_ten_sites,102,Conformalized ExtraTrees,60,37,raw_unscreened,6432,18.492323801690414,1116.289207938577,0.00034941957920997524
public2,public_building_only,102,Conformalized ExtraTrees,60,37,measured,588,7.432631980890817,11.807471550679589,0.9415832010677821
public2,public_building_only,102,Conformalized ExtraTrees,60,37,supplier_interpolated,20,6.511458908099331,7.570412260237952,0.9563848769501931
public2,public_building_only,102,Conformalized ExtraTrees,60,37,raw_unscreened,588,7.432631980890817,11.807471550679589,0.9415832010677821
public2,all_ten_sites,102,QuantileForest,60,37,measured,6429,1.9824185623112,5.684609663313573,0.9753997937823301
public2,all_ten_sites,102,QuantileForest,60,37,supplier_interpolated,25,4.092131807561381,7.292291175592861,0.964997844674149
public2,all_ten_sites,102,QuantileForest,60,37,raw_unscreened,6432,18.590778589449716,1116.29393996876,0.0003409443799308187
public2,public_building_only,102,QuantileForest,60,37,measured,588,7.958454374141168,12.956773017833324,0.9296575256469151
public2,public_building_only,102,QuantileForest,60,37,supplier_interpolated,20,5.035108562546111,8.15002598951618,0.9494505972667842
public2,public_building_only,102,QuantileForest,60,37,raw_unscreened,588,7.958454374141168,12.956773017833324,0.9296575256469151
public2,all_ten_sites,102,IA-GTPF,60,37,measured,6429,1.950960901602837,5.647726490055197,0.9757179827935302
public2,all_ten_sites,102,IA-GTPF,60,37,supplier_interpolated,25,3.525144867784476,5.606697446737628,0.9793090216209207
public2,all_ten_sites,102,IA-GTPF,60,37,raw_unscreened,6432,18.55931603505209,1116.2950012128108,0.00033904365702663863
public2,public_building_only,102,IA-GTPF,60,37,measured,588,7.953823692219307,13.640139888944825,0.9220418385584317
public2,public_building_only,102,IA-GTPF,60,37,supplier_interpolated,20,4.313692740395791,6.26443202139965,0.9701350740041067
public2,public_building_only,102,IA-GTPF,60,37,raw_unscreened,588,7.953823692219307,13.640139888944825,0.9220418385584317
public2,all_ten_sites,102,ExtraTrees,60,53,measured,6429,1.8917788454062345,5.14327520316577,0.9798619703695737
public2,all_ten_sites,102,ExtraTrees,60,53,supplier_interpolated,25,5.046455141822685,6.839558036807835,0.9692090659775667
public2,all_ten_sites,102,ExtraTrees,60,53,raw_unscreened,6432,18.50006131844436,1116.2904473060473,0.00034719984065123555
public2,public_building_only,102,ExtraTrees,60,53,measured,588,7.476462691499519,11.798961363365526,0.9416673780643565
public2,public_building_only,102,ExtraTrees,60,53,supplier_interpolated,20,6.232869264177339,7.643934381100454,0.9555336029394881
public2,public_building_only,102,ExtraTrees,60,53,raw_unscreened,588,7.476462691499519,11.798961363365526,0.9416673780643565
public2,all_ten_sites,102,Conformalized ExtraTrees,60,53,measured,6429,1.8917788454062345,5.14327520316577,0.9798619703695737
public2,all_ten_sites,102,Conformalized ExtraTrees,60,53,supplier_interpolated,25,5.046455141822685,6.839558036807835,0.9692090659775667
public2,all_ten_sites,102,Conformalized ExtraTrees,60,53,raw_unscreened,6432,18.50006131844436,1116.2904473060473,0.00034719984065123555
public2,public_building_only,102,Conformalized ExtraTrees,60,53,measured,588,7.476462691499519,11.798961363365526,0.9416673780643565
public2,public_building_only,102,Conformalized ExtraTrees,60,53,supplier_interpolated,20,6.232869264177339,7.643934381100454,0.9555336029394881
public2,public_building_only,102,Conformalized ExtraTrees,60,53,raw_unscreened,588,7.476462691499519,11.798961363365526,0.9416673780643565
public2,all_ten_sites,102,QuantileForest,60,53,measured,6429,1.975716515643201,5.683517056345693,0.9754092494091003
public2,all_ten_sites,102,QuantileForest,60,53,supplier_interpolated,25,4.045060002371153,7.246040907420446,0.9654404285879237
public2,all_ten_sites,102,QuantileForest,60,53,raw_unscreened,6432,18.58409652354829,1116.2946990003995,0.0003395849295518838
public2,public_building_only,102,QuantileForest,60,53,measured,588,7.877628293052062,12.945126760024374,0.9297839241579062
public2,public_building_only,102,QuantileForest,60,53,supplier_interpolated,20,4.97185775656839,8.09822850342894,0.9500910888638273
public2,public_building_only,102,QuantileForest,60,53,raw_unscreened,588,7.877628293052062,12.945126760024374,0.9297839241579062
public2,all_ten_sites,102,IA-GTPF,60,53,measured,6429,1.9228669619896646,5.532278179253671,0.9767005607516653
public2,all_ten_sites,102,IA-GTPF,60,53,supplier_interpolated,25,3.645241223195729,5.640937576179951,0.9790555301227418
public2,all_ten_sites,102,IA-GTPF,60,53,raw_unscreened,6432,18.531226455871916,1116.2941331045727,0.0003405984674897944
public2,public_building_only,102,IA-GTPF,60,53,measured,588,7.7330862189553775,13.2035725085432,0.926952249055789
public2,public_building_only,102,IA-GTPF,60,53,supplier_interpolated,20,4.465228922570168,6.30280669954531,0.9697680599863535
public2,public_building_only,102,IA-GTPF,60,53,raw_unscreened,588,7.7330862189553775,13.2035725085432,0.926952249055789
public2,all_ten_sites,102,ExtraTrees,60,71,measured,6429,1.8809841386897077,5.125607089794468,0.9800000885355448
public2,all_ten_sites,102,ExtraTrees,60,71,supplier_interpolated,25,5.326733481068628,6.925777582093366,0.968427871224556
public2,all_ten_sites,102,ExtraTrees,60,71,raw_unscreened,6432,18.489269011505368,1116.2901406716664,0.0003477490308303466
public2,public_building_only,102,ExtraTrees,60,71,measured,588,7.373056792992347,11.76289871518381,0.9420234117804013
public2,public_building_only,102,ExtraTrees,60,71,supplier_interpolated,20,6.582430280511336,7.740165332439009,0.9544069636130328
public2,public_building_only,102,ExtraTrees,60,71,raw_unscreened,588,7.373056792992347,11.76289871518381,0.9420234117804013
public2,all_ten_sites,102,Conformalized ExtraTrees,60,71,measured,6429,1.8809841386897077,5.125607089794468,0.9800000885355448
public2,all_ten_sites,102,Conformalized ExtraTrees,60,71,supplier_interpolated,25,5.326733481068628,6.925777582093366,0.968427871224556
public2,all_ten_sites,102,Conformalized ExtraTrees,60,71,raw_unscreened,6432,18.489269011505368,1116.2901406716664,0.0003477490308303466
public2,public_building_only,102,Conformalized ExtraTrees,60,71,measured,588,7.373056792992347,11.76289871518381,0.9420234117804013
public2,public_building_only,102,Conformalized ExtraTrees,60,71,supplier_interpolated,20,6.582430280511336,7.740165332439009,0.9544069636130328
public2,public_building_only,102,Conformalized ExtraTrees,60,71,raw_unscreened,588,7.373056792992347,11.76289871518381,0.9420234117804013
public2,all_ten_sites,102,QuantileForest,60,71,measured,6429,1.9908567876486096,5.705512752766503,0.9752185444896087
public2,all_ten_sites,102,QuantileForest,60,71,supplier_interpolated,25,3.7484991150344156,7.08077879892214,0.9669988678106332
public2,all_ten_sites,102,QuantileForest,60,71,raw_unscreened,6432,18.599237080583983,1116.2945840513196,0.0003397908071561817
public2,public_building_only,102,QuantileForest,60,71,measured,588,7.964592423145104,12.880515580041337,0.9304830940918529
public2,public_building_only,102,QuantileForest,60,71,supplier_interpolated,20,4.601035035592446,7.913213257688498,0.9523455149348196
public2,public_building_only,102,QuantileForest,60,71,raw_unscreened,588,7.964592423145104,12.880515580041337,0.9304830940918529
public2,all_ten_sites,102,IA-GTPF,60,71,measured,6429,1.9533486181166462,5.663578159899349,0.9755814851456928
public2,all_ten_sites,102,IA-GTPF,60,71,supplier_interpolated,25,3.473025589980555,5.592731108069883,0.979411976093356
public2,all_ten_sites,102,IA-GTPF,60,71,raw_unscreened,6432,18.561701561109892,1116.2951673627574,0.000338746076858909
public2,public_building_only,102,IA-GTPF,60,71,measured,588,7.952201652831935,13.677164206799189,0.921618050375511
public2,public_building_only,102,IA-GTPF,60,71,supplier_interpolated,20,4.248396617082874,6.248777362325436,0.9702841509088311
public2,public_building_only,102,IA-GTPF,60,71,raw_unscreened,588,7.952201652831935,13.677164206799189,0.921618050375511
